Date,Austria,Italy,Portugal,Greece,Taiwan*,Indonesia,India,Mexico,Thailand,Iran
1/23/20,0.0,0.0,0.0,0.0,0.0,0.0,0.0,0.0,0.0,0.0
1/24/20,0.0,0.0,0.0,0.0,2.0,0.0,0.0,0.0,1.0,0.0
1/25/20,0.0,0.0,0.0,0.0,0.0,0.0,0.0,0.0,1.0,0.0
1/26/20,0.0,0.0,0.0,0.0,1.0,0.0,0.0,0.0,2.0,0.0
1/27/20,0.0,0.0,0.0,0.0,1.0,0.0,0.0,0.0,0.0,0.0
1/28/20,0.0,0.0,0.0,0.0,3.0,0.0,0.0,0.0,6.0,0.0
1/29/20,0.0,0.0,0.0,0.0,0.0,0.0,0.0,0.0,0.0,0.0
1/30/20,0.0,0.0,0.0,0.0,1.0,0.0,1.0,0.0,0.0,0.0
1/31/20,0.0,2.0,0.0,0.0,1.0,0.0,0.0,0.0,5.0,0.0
2/1/20,0.0,0.0,0.0,0.0,0.0,0.0,0.0,0.0,0.0,0.0
2/2/20,0.0,0.0,0.0,0.0,0.0,0.0,1.0,0.0,0.0,0.0
2/3/20,0.0,0.0,0.0,0.0,0.0,0.0,1.0,0.0,0.0,0.0
2/4/20,0.0,0.0,0.0,0.0,1.0,0.0,0.0,0.0,6.0,0.0
2/5/20,0.0,0.0,0.0,0.0,0.0,0.0,0.0,0.0,0.0,0.0
2/6/20,0.0,0.0,0.0,0.0,5.0,0.0,0.0,0.0,0.0,0.0
2/7/20,0.0,1.0,0.0,0.0,0.0,0.0,0.0,0.0,0.0,0.0
2/8/20,0.0,0.0,0.0,0.0,1.0,0.0,0.0,0.0,7.0,0.0
2/9/20,0.0,0.0,0.0,0.0,1.0,0.0,0.0,0.0,0.0,0.0
2/10/20,0.0,0.0,0.0,0.0,0.0,0.0,0.0,0.0,0.0,0.0
2/11/20,0.0,0.0,0.0,0.0,0.0,0.0,0.0,0.0,1.0,0.0
2/12/20,0.0,0.0,0.0,0.0,0.0,0.0,0.0,0.0,0.0,0.0
2/13/20,0.0,0.0,0.0,0.0,0.0,0.0,0.0,0.0,0.0,0.0
2/14/20,0.0,0.0,0.0,0.0,0.0,0.0,0.0,0.0,0.0,0.0
2/15/20,0.0,0.0,0.0,0.0,0.0,0.0,0.0,0.0,1.0,0.0
2/16/20,0.0,0.0,0.0,0.0,2.0,0.0,0.0,0.0,0.0,0.0
2/17/20,0.0,0.0,0.0,0.0,2.0,0.0,0.0,0.0,1.0,0.0
2/18/20,0.0,0.0,0.0,0.0,0.0,0.0,0.0,0.0,0.0,0.0
2/19/20,0.0,0.0,0.0,0.0,1.0,0.0,0.0,0.0,0.0,2.0
2/20/20,0.0,0.0,0.0,0.0,1.0,0.0,0.0,0.0,0.0,3.0
2/21/20,0.0,17.0,0.0,0.0,2.0,0.0,0.0,0.0,0.0,13.0
2/22/20,0.0,42.0,0.0,0.0,0.0,0.0,0.0,0.0,0.0,10.0
2/23/20,0.0,93.0,0.0,0.0,2.0,0.0,0.0,0.0,0.0,15.0
2/24/20,0.0,74.0,0.0,0.0,2.0,0.0,0.0,0.0,0.0,18.0
2/25/20,2.0,93.0,0.0,0.0,1.0,0.0,0.0,0.0,2.0,34.0
2/26/20,-1.0,131.0,0.0,1.0,1.0,0.0,0.0,0.0,3.0,44.0
2/27/20,0.0,202.0,0.0,2.0,0.0,0.0,0.0,0.0,0.0,106.0
2/28/20,0.0,233.0,0.0,1.0,2.0,0.0,0.0,1.0,1.0,143.0
2/29/20,2.0,240.0,0.0,0.0,5.0,0.0,0.0,3.0,1.0,205.0
3/1/20,4.0,566.0,0.0,3.0,1.0,0.0,0.0,1.0,0.0,385.0
3/2/20,1.0,342.0,2.0,0.0,1.0,2.0,2.0,0.0,1.0,523.0
3/3/20,4.0,466.0,0.0,0.0,1.0,0.0,0.0,0.0,0.0,835.0
3/4/20,5.0,587.0,3.0,2.0,0.0,0.0,23.0,0.0,0.0,586.0
3/5/20,6.0,769.0,3.0,22.0,2.0,0.0,2.0,0.0,4.0,591.0
3/6/20,14.0,778.0,5.0,14.0,1.0,2.0,1.0,1.0,1.0,1234.0
3/7/20,9.0,1247.0,7.0,1.0,0.0,0.0,3.0,0.0,2.0,1076.0
3/8/20,29.0,1492.0,10.0,27.0,0.0,2.0,5.0,1.0,0.0,743.0
3/9/20,23.0,1797.0,0.0,0.0,0.0,13.0,4.0,0.0,0.0,595.0
3/10/20,28.0,977.0,11.0,16.0,2.0,8.0,13.0,0.0,3.0,881.0
3/11/20,22.0,2313.0,18.0,10.0,1.0,7.0,6.0,1.0,6.0,958.0
3/12/20,55.0,2651.0,0.0,0.0,1.0,0.0,11.0,4.0,13.0,1075.0
3/13/20,109.0,2547.0,53.0,91.0,1.0,35.0,9.0,14.0,3.0,1289.0
3/14/20,97.0,3497.0,57.0,38.0,3.0,27.0,20.0,15.0,7.0,1365.0
3/15/20,182.0,3590.0,76.0,103.0,6.0,21.0,11.0,12.0,32.0,1209.0
3/16/20,210.0,3233.0,86.0,0.0,8.0,17.0,6.0,29.0,33.0,1053.0
3/17/20,198.0,3526.0,117.0,56.0,10.0,38.0,23.0,11.0,30.0,1178.0
3/18/20,226.0,4207.0,0.0,31.0,23.0,55.0,14.0,25.0,35.0,1192.0
3/19/20,346.0,5322.0,337.0,0.0,8.0,84.0,38.0,46.0,60.0,1046.0
3/20/20,372.0,5986.0,235.0,77.0,27.0,58.0,50.0,39.0,50.0,1237.0
3/21/20,455.0,6557.0,260.0,35.0,18.0,81.0,86.0,48.0,89.0,966.0
3/22/20,511.0,5560.0,320.0,94.0,16.0,64.0,66.0,65.0,188.0,1028.0
3/23/20,546.0,4789.0,460.0,71.0,26.0,65.0,103.0,51.0,122.0,1411.0
3/24/20,618.0,5249.0,302.0,48.0,20.0,107.0,37.0,38.0,106.0,1762.0
3/25/20,687.0,5210.0,633.0,92.0,20.0,104.0,121.0,70.0,107.0,2206.0
3/26/20,723.0,6203.0,549.0,0.0,17.0,103.0,70.0,110.0,111.0,2389.0
3/27/20,754.0,5909.0,724.0,0.0,15.0,153.0,160.0,132.0,91.0,2926.0
3/28/20,1056.0,5974.0,902.0,0.0,16.0,109.0,100.0,131.0,108.0,3076.0
3/29/20,807.0,5217.0,792.0,321.0,15.0,130.0,37.0,145.0,141.0,2901.0
3/30/20,617.0,4050.0,446.0,0.0,8.0,129.0,227.0,101.0,138.0,3186.0
3/31/20,547.0,4053.0,1035.0,0.0,16.0,114.0,146.0,121.0,128.0,3110.0
4/1/20,673.0,4782.0,808.0,0.0,7.0,149.0,601.0,163.0,120.0,2988.0
4/2/20,549.0,4668.0,783.0,0.0,10.0,113.0,545.0,132.0,104.0,2875.0
4/3/20,549.0,4585.0,852.0,457.0,9.0,196.0,24.0,178.0,103.0,2715.0
4/4/20,438.0,4805.0,638.0,60.0,7.0,106.0,515.0,202.0,89.0,2560.0
4/5/20,411.0,4316.0,754.0,62.0,8.0,181.0,506.0,253.0,102.0,2483.0
4/6/20,253.0,3599.0,452.0,20.0,10.0,218.0,1190.0,296.0,51.0,2274.0
4/7/20,183.0,3039.0,712.0,77.0,3.0,247.0,533.0,346.0,38.0,2089.0
4/8/20,306.0,3836.0,699.0,52.0,3.0,218.0,605.0,396.0,111.0,1997.0
4/9/20,289.0,4204.0,815.0,71.0,1.0,337.0,809.0,260.0,54.0,1634.0
4/10/20,290.0,3951.0,1516.0,54.0,2.0,219.0,873.0,403.0,50.0,1972.0
4/11/20,276.0,4694.0,515.0,72.0,3.0,330.0,848.0,375.0,45.0,1837.0
4/12/20,357.0,4092.0,598.0,0.0,3.0,399.0,759.0,442.0,33.0,1657.0
4/13/20,203.0,3153.0,349.0,64.0,5.0,316.0,1248.0,353.0,28.0,1617.0
4/14/20,111.0,2972.0,514.0,25.0,0.0,282.0,1034.0,385.0,34.0,1574.0
4/15/20,87.0,2667.0,643.0,22.0,2.0,297.0,835.0,448.0,30.0,1512.0
4/16/20,150.0,3786.0,750.0,15.0,0.0,380.0,1108.0,450.0,29.0,1606.0
4/17/20,129.0,3493.0,181.0,17.0,0.0,407.0,922.0,578.0,28.0,1499.0
4/18/20,111.0,3491.0,663.0,11.0,3.0,325.0,1370.0,622.0,33.0,1374.0
4/19/20,100.0,3047.0,521.0,10.0,22.0,327.0,1893.0,764.0,32.0,1343.0
4/20/20,60.0,2256.0,657.0,0.0,2.0,185.0,924.0,511.0,27.0,1294.0
4/21/20,47.0,2729.0,516.0,156.0,3.0,375.0,1541.0,729.0,19.0,1297.0
4/22/20,68.0,3370.0,603.0,7.0,1.0,283.0,1290.0,1043.0,15.0,1194.0
4/23/20,70.0,2646.0,371.0,55.0,1.0,357.0,1707.0,1089.0,13.0,1030.0
4/24/20,73.0,3021.0,444.0,27.0,1.0,436.0,1453.0,1239.0,15.0,1168.0
4/25/20,60.0,2357.0,595.0,16.0,1.0,396.0,1753.0,970.0,53.0,1134.0
4/26/20,79.0,2324.0,472.0,11.0,0.0,275.0,1607.0,835.0,15.0,1153.0
4/27/20,62.0,1739.0,163.0,17.0,0.0,214.0,1561.0,852.0,9.0,991.0
4/28/20,35.0,2091.0,295.0,32.0,0.0,415.0,1873.0,1223.0,7.0,1112.0
4/29/20,70.0,2086.0,183.0,10.0,0.0,260.0,1738.0,1047.0,9.0,1073.0
4/30/20,49.0,1872.0,540.0,15.0,0.0,347.0,1801.0,1425.0,7.0,983.0
5/1/20,61.0,1965.0,306.0,21.0,0.0,433.0,2394.0,1515.0,6.0,1006.0
5/2/20,54.0,1900.0,-161.0,8.0,3.0,292.0,2442.0,1349.0,6.0,802.0
5/3/20,37.0,1389.0,92.0,6.0,4.0,349.0,2806.0,1383.0,3.0,976.0
5/4/20,28.0,1221.0,242.0,6.0,2.0,395.0,3932.0,1434.0,18.0,1223.0
5/5/20,12.0,1075.0,178.0,10.0,0.0,484.0,2963.0,1120.0,1.0,1323.0
5/6/20,30.0,1444.0,480.0,21.0,1.0,367.0,3587.0,1609.0,1.0,1680.0
5/7/20,54.0,1401.0,533.0,15.0,1.0,338.0,3364.0,1982.0,3.0,1485.0
5/8/20,46.0,1327.0,553.0,13.0,0.0,336.0,3344.0,1906.0,8.0,1556.0
5/9/20,39.0,1083.0,138.0,19.0,0.0,533.0,3113.0,1938.0,4.0,1529.0
5/10/20,49.0,802.0,175.0,6.0,0.0,387.0,4353.0,1562.0,5.0,1383.0
5/11/20,30.0,744.0,98.0,10.0,0.0,233.0,3607.0,1305.0,6.0,1683.0
5/12/20,15.0,1402.0,234.0,18.0,0.0,484.0,3524.0,1997.0,2.0,1481.0
5/13/20,66.0,888.0,219.0,16.0,0.0,689.0,3763.0,1862.0,0.0,1958.0
5/14/20,38.0,992.0,187.0,10.0,0.0,568.0,3942.0,2409.0,1.0,1808.0
5/15/20,52.0,789.0,264.0,40.0,0.0,490.0,3787.0,2437.0,7.0,2102.0
5/16/20,54.0,875.0,227.0,9.0,0.0,529.0,4864.0,2112.0,0.0,1757.0
5/17/20,81.0,675.0,226.0,15.0,0.0,489.0,5050.0,2075.0,3.0,1806.0
5/18/20,15.0,451.0,173.0,2.0,0.0,496.0,4630.0,2414.0,3.0,2294.0
5/19/20,26.0,813.0,223.0,4.0,0.0,486.0,6147.0,2713.0,2.0,2111.0
5/20/20,58.0,665.0,228.0,10.0,0.0,693.0,5553.0,2248.0,1.0,2346.0
5/21/20,61.0,642.0,252.0,3.0,0.0,973.0,6198.0,2973.0,3.0,2392.0
5/22/20,30.0,652.0,288.0,20.0,1.0,634.0,6568.0,2960.0,0.0,2311.0
5/23/20,31.0,669.0,271.0,3.0,0.0,949.0,6629.0,3329.0,3.0,1869.0
5/24/20,28.0,531.0,152.0,2.0,0.0,526.0,7113.0,2764.0,0.0,2180.0
5/25/20,24.0,300.0,165.0,4.0,0.0,479.0,6414.0,2485.0,2.0,2023.0
5/26/20,31.0,397.0,219.0,7.0,0.0,415.0,5843.0,3455.0,3.0,1787.0
5/27/20,25.0,584.0,285.0,14.0,0.0,686.0,7293.0,3463.0,9.0,2080.0
5/28/20,22.0,593.0,304.0,3.0,0.0,687.0,7300.0,3377.0,11.0,2258.0
5/29/20,50.0,516.0,350.0,3.0,1.0,678.0,8105.0,3227.0,11.0,2819.0
5/30/20,19.0,416.0,257.0,6.0,0.0,557.0,8336.0,2885.0,1.0,2282.0
5/31/20,42.0,333.0,297.0,2.0,0.0,700.0,8782.0,3152.0,4.0,2516.0
6/1/20,32.0,200.0,200.0,1.0,1.0,467.0,7761.0,2771.0,1.0,2979.0
6/2/20,5.0,318.0,195.0,19.0,0.0,609.0,8821.0,3891.0,1.0,3117.0
6/3/20,19.0,321.0,366.0,15.0,0.0,684.0,9633.0,3912.0,1.0,3134.0
6/4/20,16.0,177.0,331.0,0.0,0.0,585.0,9889.0,4442.0,17.0,3574.0
6/5/20,53.0,518.0,377.0,97.0,0.0,703.0,9471.0,4346.0,1.0,2886.0
6/6/20,17.0,270.0,382.0,0.0,0.0,993.0,10438.0,3593.0,2.0,2269.0
6/7/20,67.0,197.0,342.0,0.0,0.0,672.0,10864.0,3484.0,8.0,2364.0
6/8/20,31.0,280.0,192.0,0.0,0.0,847.0,8442.0,2999.0,7.0,2043.0
6/9/20,25.0,283.0,421.0,9.0,0.0,1043.0,10218.0,4199.0,2.0,2095.0
6/10/20,24.0,202.0,294.0,10.0,0.0,1240.0,10459.0,4883.0,4.0,2011.0
6/11/20,15.0,379.0,310.0,20.0,0.0,979.0,10930.0,4790.0,0.0,2218.0
6/12/20,34.0,163.0,270.0,20.0,0.0,1111.0,11458.0,5222.0,4.0,2369.0
6/13/20,22.0,346.0,283.0,4.0,0.0,1014.0,11929.0,3494.0,5.0,2430.0
6/14/20,37.0,338.0,227.0,9.0,0.0,857.0,11502.0,4147.0,1.0,2472.0
6/15/20,22.0,301.0,346.0,13.0,2.0,1017.0,10667.0,3427.0,0.0,2449.0
6/16/20,18.0,210.0,300.0,14.0,0.0,1106.0,10974.0,4599.0,0.0,2563.0
6/17/20,53.0,328.0,336.0,55.0,0.0,1031.0,12881.0,4930.0,0.0,2612.0
6/18/20,19.0,331.0,417.0,24.0,1.0,1331.0,13586.0,5662.0,6.0,2596.0
6/19/20,31.0,-148.0,375.0,10.0,0.0,1041.0,14516.0,5030.0,5.0,2615.0
6/20/20,32.0,264.0,377.0,19.0,0.0,1226.0,15403.0,4717.0,1.0,2322.0
6/21/20,52.0,224.0,292.0,10.0,0.0,862.0,14831.0,5343.0,1.0,2368.0
6/22/20,32.0,221.0,259.0,21.0,0.0,954.0,14933.0,4577.0,3.0,2573.0
6/23/20,29.0,113.0,345.0,15.0,0.0,1051.0,15968.0,6288.0,5.0,2445.0
6/24/20,31.0,577.0,367.0,8.0,0.0,1113.0,16922.0,5437.0,1.0,2531.0
6/25/20,43.0,296.0,311.0,11.0,1.0,1178.0,17296.0,6104.0,1.0,2595.0
6/26/20,35.0,255.0,451.0,22.0,0.0,1240.0,18552.0,5441.0,4.0,2628.0
6/27/20,44.0,175.0,323.0,23.0,0.0,1385.0,19906.0,4410.0,0.0,2456.0
6/28/20,74.0,174.0,457.0,10.0,0.0,1198.0,19459.0,4050.0,0.0,2489.0
6/29/20,45.0,126.0,266.0,14.0,0.0,1082.0,18522.0,3805.0,7.0,2536.0
6/30/20,62.0,142.0,229.0,19.0,0.0,1293.0,18641.0,5432.0,2.0,2457.0
7/1/20,49.0,182.0,313.0,23.0,0.0,1385.0,19160.0,5681.0,2.0,2549.0
7/2/20,101.0,201.0,328.0,26.0,1.0,1624.0,20903.0,6741.0,6.0,2652.0
7/3/20,95.0,223.0,374.0,28.0,1.0,1301.0,22771.0,6740.0,1.0,2566.0
7/4/20,80.0,235.0,413.0,25.0,0.0,1447.0,24850.0,6914.0,5.0,2449.0
7/5/20,134.0,192.0,328.0,8.0,0.0,1607.0,24248.0,4683.0,5.0,2560.0
7/6/20,106.0,208.0,232.0,43.0,0.0,1209.0,22251.0,4902.0,5.0,2613.0
7/7/20,76.0,137.0,287.0,27.0,0.0,1268.0,22753.0,6258.0,0.0,2637.0
7/8/20,68.0,193.0,443.0,33.0,0.0,1853.0,24879.0,6995.0,2.0,2691.0
7/9/20,91.0,214.0,418.0,50.0,0.0,2657.0,26506.0,7280.0,5.0,2079.0
7/10/20,118.0,276.0,402.0,60.0,0.0,1611.0,27114.0,6891.0,0.0,2262.0
7/11/20,72.0,188.0,542.0,40.0,2.0,1671.0,28606.0,6094.0,14.0,2397.0
7/12/20,105.0,234.0,291.0,31.0,0.0,1681.0,28732.0,4482.0,1.0,2186.0
7/13/20,90.0,169.0,306.0,23.0,0.0,1282.0,28498.0,4685.0,3.0,2349.0
7/14/20,52.0,114.0,233.0,57.0,0.0,1591.0,29429.0,7051.0,7.0,2521.0
7/15/20,99.0,162.0,375.0,27.0,0.0,1522.0,32676.0,6149.0,5.0,2388.0
7/16/20,122.0,230.0,339.0,29.0,0.0,1574.0,34975.0,6406.0,4.0,2500.0
7/17/20,130.0,231.0,312.0,25.0,0.0,1462.0,35252.0,7257.0,3.0,2379.0
7/18/20,141.0,249.0,313.0,19.0,0.0,1752.0,38697.0,7615.0,7.0,2166.0
7/19/20,124.0,218.0,246.0,24.0,0.0,1639.0,40425.0,5311.0,3.0,2182.0
7/20/20,81.0,190.0,135.0,5.0,0.0,1693.0,37132.0,5172.0,1.0,2414.0
7/21/20,87.0,128.0,127.0,36.0,0.0,1655.0,37740.0,6859.0,5.0,2625.0
7/22/20,90.0,280.0,252.0,29.0,4.0,1882.0,45720.0,6019.0,-2.0,2586.0
7/23/20,137.0,306.0,229.0,33.0,0.0,1906.0,49310.0,8438.0,16.0,2621.0
7/24/20,162.0,252.0,313.0,25.0,3.0,1761.0,48916.0,7573.0,10.0,2489.0
7/25/20,117.0,274.0,263.0,31.0,0.0,1868.0,48611.0,6751.0,3.0,2316.0
7/26/20,153.0,254.0,209.0,27.0,0.0,1492.0,49981.0,5480.0,9.0,2333.0
7/27/20,112.0,168.0,135.0,34.0,4.0,1525.0,44457.0,4973.0,4.0,2434.0
7/28/20,101.0,202.0,111.0,52.0,5.0,1748.0,51596.0,7208.0,2.0,2667.0
7/29/20,96.0,288.0,203.0,57.0,0.0,2381.0,50294.0,5752.0,1.0,2636.0
7/30/20,153.0,382.0,255.0,65.0,0.0,1904.0,52783.0,7730.0,6.0,2621.0
7/31/20,102.0,379.0,204.0,76.0,0.0,2040.0,61242.0,8458.0,6.0,2674.0
8/1/20,190.0,295.0,238.0,110.0,7.0,1560.0,54735.0,9556.0,2.0,2548.0
8/2/20,123.0,238.0,153.0,75.0,1.0,1519.0,52972.0,4853.0,5.0,2685.0
8/3/20,62.0,159.0,106.0,75.0,-1.0,1679.0,52050.0,4767.0,3.0,2598.0
8/4/20,70.0,190.0,112.0,118.0,2.0,1922.0,52509.0,6148.0,1.0,2751.0
8/5/20,93.0,384.0,167.0,118.0,0.0,1815.0,56282.0,6139.0,7.0,2697.0
8/6/20,83.0,401.0,213.0,150.0,1.0,1882.0,62538.0,6590.0,2.0,2634.0
8/7/20,159.0,552.0,290.0,147.0,0.0,2473.0,61537.0,6717.0,15.0,2450.0
8/8/20,119.0,347.0,186.0,151.0,2.0,2277.0,64399.0,6495.0,3.0,2125.0
8/9/20,90.0,463.0,131.0,202.0,-2.0,1893.0,62064.0,4376.0,3.0,2020.0
8/10/20,104.0,259.0,157.0,126.0,0.0,1687.0,53601.0,5558.0,0.0,2132.0
8/11/20,72.0,412.0,120.0,193.0,3.0,1693.0,60963.0,6686.0,0.0,2345.0
8/12/20,158.0,476.0,278.0,235.0,1.0,1942.0,66999.0,5858.0,5.0,2510.0
8/13/20,187.0,522.0,325.0,204.0,0.0,2098.0,64553.0,7371.0,3.0,2625.0
8/14/20,190.0,574.0,235.0,251.0,0.0,2307.0,64732.0,5618.0,17.0,2501.0
8/15/20,251.0,629.0,198.0,226.0,1.0,2345.0,64030.0,6345.0,0.0,2245.0
8/16/20,349.0,477.0,121.0,217.0,2.0,2081.0,57711.0,4448.0,1.0,2133.0
8/17/20,156.0,320.0,132.0,147.0,1.0,1821.0,55018.0,3571.0,1.0,2247.0
8/18/20,169.0,401.0,214.0,250.0,1.0,1673.0,64572.0,5506.0,3.0,2385.0
8/19/20,259.0,642.0,253.0,212.0,0.0,1902.0,69672.0,5792.0,1.0,2444.0
8/20/20,252.0,840.0,291.0,250.0,0.0,2266.0,68900.0,6775.0,7.0,2279.0
8/21/20,347.0,947.0,219.0,204.0,1.0,2197.0,69876.0,5928.0,1.0,2206.0
8/22/20,331.0,1071.0,241.0,243.0,0.0,2090.0,69239.0,6482.0,0.0,2028.0
8/23/20,302.0,1209.0,145.0,283.0,0.0,2037.0,61408.0,3948.0,5.0,2113.0
8/24/20,229.0,953.0,123.0,155.0,0.0,1877.0,60975.0,3541.0,2.0,2245.0
8/25/20,193.0,876.0,192.0,168.0,0.0,2447.0,57224.0,4916.0,5.0,2213.0
8/26/20,243.0,1366.0,362.0,0.0,0.0,2306.0,85687.0,5267.0,1.0,2243.0
8/27/20,301.0,1409.0,399.0,544.0,0.0,2719.0,77266.0,6026.0,1.0,2190.0
8/28/20,319.0,1460.0,401.0,269.0,0.0,3003.0,76472.0,5824.0,6.0,2115.0
8/29/20,226.0,1444.0,374.0,177.0,1.0,3308.0,78761.0,5974.0,1.0,1905.0
8/30/20,394.0,1365.0,320.0,157.0,0.0,2858.0,78512.0,4129.0,0.0,1754.0
8/31/20,237.0,996.0,244.0,183.0,0.0,2743.0,69921.0,3719.0,1.0,1642.0
9/1/20,223.0,975.0,231.0,207.0,0.0,2775.0,78357.0,6476.0,5.0,1682.0
9/2/20,221.0,1326.0,390.0,233.0,1.0,3075.0,83883.0,4921.0,8.0,1858.0
9/3/20,286.0,1397.0,418.0,241.0,0.0,3622.0,83341.0,5937.0,2.0,1994.0
9/4/20,429.0,1732.0,406.0,202.0,1.0,3269.0,86432.0,6196.0,4.0,2026.0
9/5/20,366.0,1694.0,486.0,186.0,2.0,3128.0,90632.0,6319.0,7.0,1894.0
9/6/20,380.0,1296.0,315.0,138.0,1.0,3444.0,90802.0,4614.0,6.0,1992.0
9/7/20,217.0,1150.0,249.0,139.0,1.0,2880.0,75809.0,3486.0,1.0,2152.0
9/8/20,367.0,1369.0,388.0,169.0,1.0,3046.0,89706.0,5351.0,1.0,2302.0
9/9/20,396.0,1430.0,646.0,248.0,0.0,3307.0,95735.0,4461.0,1.0,2313.0
9/10/20,552.0,1597.0,585.0,372.0,1.0,3861.0,96551.0,5043.0,7.0,2063.0
9/11/20,691.0,1616.0,687.0,282.0,2.0,3737.0,97570.0,5935.0,7.0,2313.0
9/12/20,598.0,1501.0,497.0,302.0,0.0,3806.0,94372.0,5674.0,5.0,2139.0
9/13/20,930.0,1456.0,673.0,204.0,0.0,3636.0,92071.0,4408.0,7.0,2089.0
9/14/20,415.0,1008.0,613.0,180.0,1.0,3141.0,83809.0,3335.0,2.0,2619.0
9/15/20,414.0,1229.0,425.0,310.0,0.0,3507.0,90123.0,4771.0,5.0,2705.0
9/16/20,820.0,1452.0,605.0,311.0,1.0,3963.0,97894.0,4444.0,10.0,2981.0
9/17/20,723.0,1583.0,770.0,359.0,3.0,3635.0,96424.0,3182.0,0.0,2815.0
9/18/20,854.0,1907.0,780.0,338.0,0.0,3891.0,93337.0,4841.0,7.0,3049.0
9/19/20,806.0,1637.0,849.0,240.0,3.0,4168.0,92605.0,5167.0,3.0,2845.0
9/20/20,874.0,1587.0,552.0,164.0,1.0,3989.0,86961.0,3542.0,6.0,3097.0
9/21/20,667.0,1350.0,623.0,453.0,2.0,4176.0,75083.0,2917.0,0.0,3341.0
9/22/20,471.0,1391.0,463.0,333.0,0.0,4071.0,83347.0,4683.0,5.0,3712.0
9/23/20,582.0,1640.0,802.0,358.0,0.0,4465.0,86508.0,4786.0,3.0,3605.0
9/24/20,719.0,1786.0,691.0,341.0,0.0,4634.0,86052.0,5408.0,2.0,3521.0
9/25/20,804.0,1912.0,899.0,286.0,1.0,4823.0,85362.0,5401.0,3.0,3563.0
9/26/20,657.0,1869.0,884.0,315.0,0.0,4494.0,88600.0,5573.0,3.0,3204.0
9/27/20,763.0,1766.0,665.0,216.0,0.0,3874.0,82170.0,3886.0,1.0,3362.0
9/28/20,591.0,1494.0,425.0,263.0,3.0,3509.0,70589.0,3400.0,22.0,3512.0
9/29/20,545.0,1647.0,688.0,416.0,0.0,4002.0,80472.0,4446.0,14.0,3677.0
9/30/20,739.0,1850.0,825.0,352.0,1.0,4284.0,86821.0,5053.0,5.0,3582.0
10/1/20,759.0,2548.0,854.0,411.0,1.0,4174.0,81484.0,5099.0,5.0,3825.0
10/2/20,854.0,2499.0,888.0,460.0,2.0,4317.0,79476.0,4775.0,6.0,3552.0
10/3/20,790.0,2843.0,963.0,267.0,0.0,4007.0,75829.0,4863.0,8.0,3523.0
10/4/20,1014.0,2578.0,904.0,229.0,0.0,3992.0,74442.0,3712.0,2.0,3653.0
10/5/20,718.0,2257.0,734.0,300.0,1.0,3622.0,61267.0,28115.0,5.0,3902.0
10/6/20,737.0,2677.0,427.0,399.0,3.0,4056.0,72049.0,4828.0,10.0,4151.0
10/7/20,927.0,3677.0,944.0,406.0,2.0,4538.0,78524.0,4580.0,15.0,4019.0
10/8/20,1078.0,4458.0,1278.0,434.0,1.0,4850.0,70496.0,5300.0,7.0,4392.0
10/9/20,1274.0,5372.0,1394.0,391.0,3.0,4094.0,73272.0,5532.0,6.0,4142.0
10/10/20,1110.0,5724.0,1646.0,306.0,0.0,4294.0,74383.0,4308.0,6.0,3875.0
10/11/20,1260.0,5456.0,1090.0,280.0,0.0,4497.0,66732.0,3175.0,2.0,3822.0
10/12/20,1014.0,4619.0,1249.0,294.0,2.0,3267.0,55342.0,3542.0,5.0,4206.0
10/13/20,830.0,5898.0,1208.0,408.0,1.0,3906.0,63509.0,4295.0,2.0,4108.0
10/14/20,1143.0,7332.0,2072.0,435.0,0.0,4127.0,67708.0,4056.0,9.0,4830.0
10/15/20,1321.0,8803.0,2101.0,452.0,1.0,4411.0,63371.0,5514.0,13.0,4616.0
10/16/20,1435.0,10009.0,2608.0,503.0,4.0,4301.0,62212.0,6751.0,4.0,4552.0
10/17/20,1522.0,10925.0,2153.0,482.0,0.0,4301.0,61871.0,5447.0,10.0,4103.0
10/18/20,1795.0,11705.0,1856.0,438.0,0.0,4105.0,55722.0,4119.0,7.0,3890.0
10/19/20,1485.0,9337.0,1949.0,432.0,5.0,3373.0,46790.0,3699.0,5.0,4251.0
10/20/20,1199.0,10871.0,1876.0,667.0,3.0,3602.0,54044.0,5788.0,9.0,5039.0
10/21/20,1646.0,15199.0,2535.0,865.0,1.0,4267.0,55839.0,6845.0,9.0,5616.0
10/22/20,1978.0,16078.0,3270.0,882.0,4.0,4432.0,54366.0,6612.0,10.0,5471.0
10/23/20,2654.0,19143.0,2899.0,841.0,0.0,4369.0,53370.0,6604.0,8.0,6134.0
10/24/20,3231.0,19640.0,3669.0,935.0,2.0,4070.0,50129.0,6025.0,4.0,5814.0
10/25/20,3347.0,21273.0,2577.0,790.0,0.0,3732.0,45148.0,4360.0,5.0,6191.0
10/26/20,2970.0,17007.0,2447.0,714.0,0.0,3222.0,36470.0,4166.0,7.0,5960.0
10/27/20,2474.0,21989.0,3299.0,1256.0,0.0,3520.0,43893.0,5942.0,3.0,6968.0
10/28/20,2782.0,24988.0,3960.0,1547.0,0.0,4029.0,49881.0,5595.0,12.0,6824.0
10/29/20,4373.0,26829.0,4224.0,1211.0,3.0,3565.0,48648.0,5948.0,5.0,8293.0
10/30/20,4469.0,31079.0,4656.0,1686.0,1.0,2897.0,48268.0,6000.0,12.0,8011.0
10/31/20,5047.0,31756.0,4007.0,2055.0,1.0,3143.0,46963.0,6151.0,5.0,7820.0
11/1/20,5715.0,29905.0,3062.0,1678.0,3.0,2696.0,45231.0,4430.0,4.0,7719.0
11/2/20,4790.0,22253.0,2506.0,1151.0,5.0,2618.0,38310.0,3763.0,3.0,8289.0
11/3/20,4479.0,28241.0,2596.0,2166.0,4.0,2973.0,46253.0,5250.0,10.0,8932.0
11/4/20,5192.0,30548.0,7497.0,2646.0,1.0,3356.0,50210.0,5225.0,7.0,8452.0
11/5/20,6362.0,34502.0,4410.0,2915.0,1.0,4065.0,47638.0,5567.0,6.0,8772.0
11/6/20,7111.0,37802.0,5550.0,2447.0,4.0,3778.0,50356.0,5931.0,8.0,8864.0
11/7/20,6953.0,39809.0,6640.0,2555.0,0.0,4262.0,45674.0,6810.0,12.0,9450.0
11/8/20,8090.0,32614.0,5784.0,1889.0,4.0,3880.0,45903.0,5887.0,7.0,9236.0
11/9/20,5325.0,25269.0,4096.0,1489.0,1.0,2853.0,38073.0,4960.0,3.0,10463.0
11/10/20,5744.0,35090.0,3817.0,2383.0,2.0,3779.0,44281.0,5746.0,4.0,10339.0
11/11/20,6247.0,32961.0,4935.0,2751.0,4.0,3770.0,47905.0,7646.0,3.0,11780.0
11/12/20,7435.0,37977.0,5839.0,3316.0,5.0,4173.0,44879.0,5658.0,5.0,11517.0
11/13/20,9177.0,40902.0,6653.0,3038.0,8.0,5444.0,44684.0,5558.0,9.0,11737.0
11/14/20,8257.0,37249.0,6602.0,2835.0,3.0,5272.0,41100.0,5860.0,5.0,11203.0
11/15/20,7018.0,33977.0,6035.0,1695.0,2.0,4106.0,30548.0,3269.0,8.0,12543.0
11/16/20,5098.0,27352.0,8371.0,2198.0,1.0,3535.0,29163.0,2874.0,1.0,13053.0
11/17/20,4612.0,32191.0,4452.0,2422.0,2.0,3807.0,38617.0,1757.0,3.0,13352.0
11/18/20,6075.0,34280.0,5891.0,3209.0,2.0,4265.0,45576.0,3918.0,2.0,13421.0
11/19/20,7522.0,36176.0,6994.0,3227.0,2.0,4798.0,45882.0,4472.0,8.0,13223.0
11/20/20,6434.0,37239.0,6489.0,2551.0,2.0,4792.0,46232.0,6426.0,4.0,13260.0
11/21/20,6607.0,34764.0,6472.0,2309.0,0.0,4998.0,45209.0,6719.0,10.0,12931.0
11/22/20,6465.0,28337.0,4788.0,1498.0,6.0,4360.0,44059.0,9187.0,11.0,13053.0
11/23/20,5154.0,22927.0,4044.0,1387.0,1.0,4442.0,37975.0,7483.0,7.0,12460.0
11/24/20,2436.0,23227.0,3919.0,2131.0,0.0,4192.0,44376.0,10794.0,2.0,13721.0
11/25/20,4608.0,25852.0,5290.0,2151.0,5.0,5534.0,44489.0,10335.0,4.0,13843.0
11/26/20,5743.0,29001.0,6383.0,2018.0,2.0,4917.0,43082.0,8107.0,16.0,13961.0
11/27/20,5391.0,28342.0,5444.0,1981.0,14.0,5828.0,41322.0,12081.0,19.0,14051.0
11/28/20,5018.0,26315.0,4868.0,1747.0,9.0,5418.0,41810.0,10728.0,5.0,13402.0
11/29/20,4238.0,20646.0,4093.0,1193.0,3.0,6267.0,38772.0,5668.0,11.0,12950.0
11/30/20,3737.0,16376.0,3262.0,1044.0,24.0,4617.0,31118.0,6472.0,21.0,13321.0
12/1/20,2391.0,19347.0,2401.0,2199.0,4.0,5092.0,36604.0,8819.0,10.0,13881.0
12/2/20,3375.0,20709.0,3384.0,2185.0,6.0,5533.0,35551.0,11251.0,18.0,13621.0
12/3/20,3937.0,23219.0,3772.0,1882.0,1.0,8369.0,36595.0,11030.0,13.0,13922.0
12/4/20,3568.0,24110.0,4935.0,1648.0,4.0,5803.0,36652.0,12127.0,14.0,13341.0
12/5/20,3656.0,21052.0,6087.0,1383.0,4.0,6027.0,36011.0,11625.0,19.0,12151.0
12/6/20,3591.0,18887.0,3834.0,903.0,22.0,6089.0,32981.0,7455.0,14.0,11561.0
12/7/20,2865.0,13679.0,2597.0,1250.0,0.0,5754.0,26567.0,6399.0,21.0,10827.0
12/8/20,2067.0,14837.0,2905.0,1324.0,2.0,5292.0,32080.0,11006.0,19.0,11023.0
12/9/20,2512.0,12755.0,4097.0,1675.0,2.0,6058.0,31521.0,11974.0,25.0,10223.0
12/10/20,2632.0,16998.0,3134.0,1533.0,4.0,6033.0,29373.0,11897.0,18.0,10403.0
12/11/20,2480.0,18726.0,5080.0,1395.0,1.0,6310.0,30031.0,12253.0,11.0,9384.0
12/12/20,3090.0,19902.0,4413.0,1194.0,8.0,6388.0,30254.0,12057.0,12.0,8411.0
12/13/20,2835.0,17937.0,4044.0,692.0,3.0,6189.0,27071.0,8608.0,17.0,7451.0
12/14/20,2636.0,12025.0,2194.0,639.0,4.0,5489.0,22065.0,5930.0,28.0,7501.0
12/15/20,2506.0,14839.0,2638.0,1199.0,2.0,6120.0,26382.0,11228.0,9.0,7704.0
12/16/20,2743.0,17568.0,4720.0,1185.0,7.0,6725.0,24010.0,10297.0,15.0,7603.0
12/17/20,2758.0,18233.0,4320.0,1153.0,8.0,7354.0,22890.0,11799.0,20.0,7453.0
12/18/20,2389.0,15401.0,4336.0,874.0,2.0,6689.0,25152.0,12248.0,16.0,7121.0
12/19/20,1950.0,16305.0,3835.0,901.0,4.0,7751.0,26624.0,12129.0,34.0,6421.0
12/20/20,2151.0,15102.0,3334.0,587.0,3.0,6982.0,24337.0,6870.0,576.0,6312.0
12/21/20,1505.0,10869.0,2099.0,525.0,0.0,6848.0,19556.0,5370.0,382.0,6151.0
12/22/20,1353.0,13316.0,2436.0,833.0,4.0,6347.0,23950.0,12511.0,427.0,6208.0
12/23/20,2107.0,13908.0,4602.0,935.0,6.0,7514.0,24712.0,11653.0,46.0,6261.0
12/24/20,2558.0,18039.0,4378.0,870.0,0.0,7199.0,23067.0,12485.0,67.0,6178.0
12/25/20,2855.0,19037.0,4146.0,617.0,4.0,7259.0,22273.0,9679.0,81.0,6021.0
12/26/20,1806.0,10405.0,1214.0,262.0,3.0,6740.0,18732.0,4974.0,110.0,5760.0
12/27/20,1287.0,8937.0,1577.0,342.0,2.0,6528.0,20021.0,6217.0,121.0,5502.0
12/28/20,1163.0,8581.0,2093.0,475.0,8.0,5854.0,16432.0,5996.0,144.0,5908.0
12/29/20,1697.0,11210.0,3336.0,1045.0,2.0,7903.0,20549.0,12099.0,155.0,6108.0
12/30/20,2125.0,16202.0,6049.0,942.0,2.0,8002.0,21822.0,12406.0,250.0,6272.0
12/31/20,2975.0,23477.0,7627.0,932.0,2.0,8074.0,20035.0,12159.0,194.0,6389.0
1/1/21,2711.0,22210.0,6951.0,597.0,3.0,8072.0,19079.0,11091.0,279.0,6287.0
1/2/21,2003.0,11825.0,3241.0,262.0,6.0,7203.0,18177.0,6359.0,216.0,6045.0
1/3/21,1591.0,14245.0,3384.0,390.0,4.0,6877.0,16504.0,5211.0,315.0,5960.0
1/4/21,1635.0,10798.0,4369.0,427.0,3.0,6753.0,16375.0,6464.0,745.0,6073.0
1/5/21,1895.0,15375.0,4956.0,927.0,2.0,7445.0,18088.0,11271.0,527.0,6113.0
1/6/21,2292.0,20326.0,10027.0,814.0,2.0,8854.0,20346.0,13345.0,365.0,6283.0
1/7/21,2961.0,18416.0,9927.0,510.0,3.0,9321.0,18139.0,13734.0,305.0,6360.0
1/8/21,2086.0,17529.0,10176.0,717.0,3.0,10617.0,0.0,14362.0,205.0,6251.0
1/9/21,2002.0,19976.0,9478.0,799.0,3.0,10046.0,36867.0,16105.0,212.0,5924.0
1/10/21,2298.0,18625.0,7502.0,445.0,0.0,9640.0,16311.0,10003.0,245.0,5968.0
1/11/21,1546.0,12530.0,5604.0,441.0,6.0,8692.0,12584.0,7594.0,249.0,6208.0
1/12/21,1387.0,14242.0,7259.0,841.0,4.0,10047.0,15968.0,14395.0,287.0,6408.0
1/13/21,1706.0,15773.0,10556.0,668.0,4.0,11278.0,16946.0,15873.0,157.0,6317.0
1/14/21,2161.0,17243.0,10698.0,595.0,0.0,11557.0,15590.0,16468.0,271.0,6471.0
1/15/21,1656.0,16144.0,10663.0,577.0,1.0,12818.0,15158.0,21366.0,188.0,6485.0
1/16/21,1536.0,16310.0,10947.0,510.0,8.0,14224.0,15144.0,20523.0,230.0,6100.0
1/17/21,1557.0,12544.0,10385.0,237.0,4.0,11287.0,13788.0,11170.0,374.0,6016.0
1/18/21,1320.0,8825.0,6702.0,318.0,7.0,9086.0,10050.0,8074.0,369.0,5806.0
1/19/21,1010.0,10496.0,10455.0,537.0,6.0,10365.0,13816.0,18894.0,171.0,5917.0
1/20/21,1631.0,13568.0,14647.0,511.0,2.0,12568.0,15244.0,20548.0,59.0,6182.0
1/21/21,1657.0,14055.0,13544.0,506.0,11.0,11703.0,14545.0,22339.0,142.0,6204.0
1/22/21,1742.0,13633.0,13987.0,562.0,0.0,13632.0,14256.0,21007.0,309.0,6332.0
1/23/21,1788.0,13331.0,15333.0,605.0,3.0,12191.0,14849.0,20057.0,198.0,6180.0
1/24/21,1453.0,11628.0,11721.0,334.0,5.0,11788.0,13203.0,10872.0,198.0,5945.0
1/25/21,1262.0,8559.0,6923.0,432.0,0.0,9994.0,9102.0,8521.0,187.0,6309.0
1/26/21,947.0,10584.0,10765.0,814.0,1.0,13094.0,12689.0,17165.0,959.0,6420.0
1/27/21,1425.0,15191.0,15073.0,857.0,3.0,11948.0,11666.0,17944.0,819.0,6608.0
1/28/21,1585.0,14360.0,16432.0,713.0,2.0,13695.0,18855.0,18670.0,756.0,6527.0
1/29/21,1472.0,13563.0,13200.0,882.0,4.0,13802.0,13082.0,16374.0,802.0,6573.0
1/30/21,1421.0,12713.0,12435.0,795.0,10.0,14518.0,13044.0,15337.0,930.0,6317.0
1/31/21,1487.0,11249.0,9498.0,484.0,2.0,12001.0,11436.0,7030.0,829.0,6268.0
2/1/21,1099.0,7925.0,5805.0,538.0,1.0,10994.0,8635.0,5448.0,836.0,6597.0
2/2/21,1134.0,9651.0,5540.0,1221.0,3.0,10379.0,11039.0,4384.0,836.0,6820.0
2/3/21,1218.0,13182.0,9083.0,1150.0,2.0,11984.0,12899.0,12153.0,795.0,6870.0
2/4/21,1643.0,13656.0,7914.0,1069.0,2.0,11434.0,12408.0,0.0,809.0,7040.0
2/5/21,1520.0,14213.0,6916.0,1172.0,4.0,11749.0,11713.0,26626.0,586.0,7054.0
2/6/21,1270.0,13439.0,6132.0,1106.0,1.0,12156.0,12059.0,13209.0,490.0,6990.0
2/7/21,1365.0,11640.0,3508.0,733.0,3.0,10827.0,11831.0,6065.0,237.0,7065.0
2/8/21,1146.0,7969.0,2505.0,629.0,1.0,8242.0,9110.0,3868.0,186.0,7321.0
2/9/21,999.0,10612.0,2583.0,1492.0,5.0,8700.0,11067.0,10738.0,189.0,7640.0
2/10/21,1232.0,12947.0,4387.0,1482.0,2.0,8776.0,12923.0,11138.0,157.0,7585.0
2/11/21,1470.0,15137.0,3480.0,1323.0,1.0,8435.0,9309.0,10677.0,201.0,7474.0
2/12/21,1668.0,13893.0,2854.0,1372.0,1.0,9869.0,12143.0,10388.0,175.0,7298.0
2/13/21,1563.0,13523.0,2856.0,1222.0,0.0,8844.0,12194.0,9741.0,126.0,7120.0
2/14/21,1268.0,11060.0,1677.0,662.0,0.0,6765.0,11649.0,4099.0,166.0,7390.0
2/15/21,1171.0,7344.0,1303.0,696.0,0.0,6462.0,9121.0,3098.0,143.0,7760.0
2/16/21,1168.0,10368.0,1502.0,1081.0,0.0,10029.0,11610.0,8683.0,72.0,8011.0
2/17/21,1500.0,12066.0,2324.0,754.0,1.0,9687.0,12881.0,8988.0,175.0,8042.0
2/18/21,1657.0,13755.0,1944.0,1400.0,2.0,9039.0,13193.0,9099.0,150.0,8066.0
2/19/21,1900.0,15470.0,1940.0,1435.0,1.0,10614.0,13993.0,7829.0,130.0,8017.0
2/20/21,1708.0,14914.0,1570.0,1424.0,1.0,8054.0,14264.0,7785.0,82.0,7922.0
2/21/21,2093.0,13450.0,1186.0,884.0,0.0,7300.0,14199.0,3104.0,92.0,7931.0
2/22/21,1656.0,9617.0,549.0,870.0,0.0,10180.0,10584.0,2252.0,89.0,8263.0
2/23/21,1225.0,13299.0,1032.0,2111.0,0.0,9775.0,13742.0,8634.0,95.0,8330.0
2/24/21,1890.0,16402.0,1480.0,1903.0,4.0,7533.0,16738.0,8642.0,93.0,8270.0
2/25/21,1967.0,19871.0,1160.0,1783.0,5.0,8493.0,16577.0,8462.0,72.0,8206.0
2/26/21,2445.0,20488.0,1027.0,1732.0,0.0,8232.0,16488.0,7512.0,45.0,8103.0
2/27/21,1889.0,18902.0,1071.0,1630.0,3.0,6208.0,16752.0,7246.0,72.0,7975.0
2/28/21,2496.0,17440.0,718.0,1269.0,1.0,5560.0,15510.0,2810.0,70.0,8010.0
3/1/21,2224.0,13106.0,394.0,1170.0,0.0,6680.0,12286.0,2343.0,80.0,8510.0
3/2/21,1401.0,17063.0,691.0,2312.0,0.0,5712.0,14989.0,7913.0,42.0,8495.0
3/3/21,2192.0,20840.0,979.0,2697.0,3.0,6808.0,17407.0,7793.0,35.0,8525.0
3/4/21,2452.0,22845.0,830.0,2217.0,2.0,7264.0,16838.0,7521.0,54.0,8404.0
3/5/21,2399.0,24010.0,949.0,2181.0,0.0,6971.0,18284.0,6797.0,79.0,8367.0
3/6/21,2350.0,23633.0,1007.0,2301.0,7.0,5767.0,18754.0,6561.0,64.0,8212.0
3/7/21,2763.0,20724.0,682.0,1142.0,2.0,5826.0,18599.0,2734.0,65.0,8010.0
3/8/21,2245.0,13882.0,365.0,1161.0,7.0,6894.0,15388.0,1877.0,71.0,8313.0
3/9/21,1948.0,19725.0,847.0,3181.0,1.0,6389.0,17921.0,7407.0,60.0,8554.0
3/10/21,2522.0,22275.0,642.0,2629.0,1.0,5633.0,22854.0,6602.0,39.0,8603.0
3/11/21,2411.0,25649.0,627.0,2570.0,0.0,5144.0,23285.0,6469.0,58.0,8308.0
3/12/21,2871.0,26790.0,577.0,2357.0,6.0,6412.0,24882.0,6816.0,81.0,8088.0
3/13/21,3055.0,26031.0,564.0,2503.0,0.0,4607.0,25320.0,6104.0,78.0,7802.0
3/14/21,3034.0,21304.0,541.0,1626.0,1.0,4714.0,26291.0,2415.0,170.0,7593.0
3/15/21,2525.0,15252.0,256.0,1134.0,5.0,5589.0,24492.0,1439.0,78.0,7980.0
3/16/21,1908.0,20376.0,384.0,1508.0,0.0,5414.0,28903.0,1278.0,149.0,8380.0
3/17/21,2759.0,23040.0,673.0,3458.0,0.0,6825.0,35871.0,6455.0,246.0,7802.0
3/18/21,2872.0,24901.0,485.0,3070.0,8.0,6570.0,39726.0,6726.0,92.0,7530.0
3/19/21,3521.0,25707.0,568.0,2762.0,6.0,6279.0,40953.0,5722.0,100.0,7620.0
3/20/21,3221.0,23913.0,457.0,2532.0,1.0,5656.0,43846.0,5729.0,121.0,7540.0
3/21/21,3650.0,20045.0,450.0,1514.0,1.0,4396.0,46951.0,2133.0,90.0,7260.0
3/22/21,2690.0,24501.0,248.0,1705.0,0.0,5744.0,40715.0,1388.0,73.0,7357.0
3/23/21,2439.0,18739.0,434.0,3517.0,1.0,5297.0,47262.0,5881.0,401.0,7290.0
3/24/21,3023.0,21246.0,575.0,3058.0,2.0,5227.0,53476.0,5714.0,69.0,7605.0
3/25/21,3539.0,23681.0,423.0,2587.0,3.0,6107.0,59118.0,5787.0,97.0,7506.0
3/26/21,3447.0,24076.0,488.0,1466.0,1.0,4982.0,62258.0,5303.0,134.0,7980.0
3/27/21,3216.0,23834.0,344.0,3132.0,7.0,4461.0,62714.0,5059.0,80.0,8120.0
3/28/21,3304.0,19604.0,365.0,1441.0,2.0,4083.0,68020.0,1646.0,77.0,8751.0
3/29/21,2646.0,12900.0,309.0,1724.0,1.0,5008.0,56211.0,1293.0,39.0,9310.0
3/30/21,3232.0,16055.0,388.0,4322.0,1.0,4682.0,53480.0,5067.0,48.0,10250.0
3/31/21,2797.0,23887.0,618.0,3612.0,6.0,5937.0,72330.0,5977.0,42.0,10330.0
4/1/21,3136.0,22184.0,592.0,3483.0,6.0,6142.0,81466.0,5381.0,26.0,11750.0
4/2/21,3393.0,21917.0,548.0,3058.0,3.0,5325.0,89129.0,3089.0,58.0,11660.0
4/3/21,3095.0,21247.0,280.0,3229.0,6.0,4345.0,93249.0,1838.0,84.0,11420.0
4/4/21,3308.0,18017.0,193.0,1955.0,2.0,6731.0,103558.0,1263.0,96.0,11680.0
4/5/21,2819.0,10680.0,159.0,1863.0,1.0,3712.0,96982.0,1247.0,194.0,13890.0
4/6/21,2333.0,7763.0,874.0,4293.0,2.0,4549.0,115736.0,4804.0,250.0,17430.0
4/7/21,2009.0,13686.0,663.0,3445.0,0.0,4860.0,126789.0,5370.0,334.0,20954.0
4/8/21,2850.0,17209.0,602.0,3215.0,0.0,5504.0,131968.0,5140.0,405.0,22586.0
4/9/21,2871.0,18924.0,694.0,2734.0,4.0,5265.0,145384.0,5045.0,559.0,22478.0
4/10/21,2509.0,17551.0,601.0,2799.0,2.0,4723.0,152879.0,6356.0,789.0,19666.0
4/11/21,3459.0,15737.0,566.0,1717.0,1.0,4127.0,168912.0,1793.0,967.0,21063.0
4/12/21,1967.0,9780.0,271.0,1606.0,1.0,4829.0,161736.0,1627.0,985.0,23311.0
4/13/21,2057.0,13439.0,408.0,4017.0,4.0,5702.0,184372.0,4512.0,965.0,24760.0
4/14/21,2242.0,16160.0,684.0,3081.0,5.0,5656.0,200739.0,4894.0,1338.0,25582.0
4/15/21,3179.0,16963.0,501.0,3822.0,1.0,6177.0,217353.0,4189.0,1543.0,25078.0
4/16/21,2737.0,15923.0,553.0,3027.0,2.0,5363.0,234692.0,4504.0,1582.0,25261.0
4/17/21,2356.0,15364.0,649.0,2411.0,2.0,5041.0,261394.0,4157.0,1547.0,21312.0
4/18/21,2366.0,12688.0,441.0,1829.0,1.0,4585.0,273802.0,1506.0,1767.0,21644.0
4/19/21,2033.0,8863.0,220.0,1606.0,3.0,4952.0,259167.0,1308.0,1390.0,24346.0
4/20/21,2015.0,12069.0,424.0,3750.0,2.0,5549.0,295158.0,4262.0,1443.0,25492.0
4/21/21,2092.0,13836.0,610.0,3010.0,4.0,5720.0,314644.0,4639.0,1458.0,24886.0
4/22/21,2531.0,16046.0,636.0,2756.0,4.0,6243.0,332921.0,3708.0,1470.0,24092.0
4/23/21,2618.0,14758.0,506.0,2739.0,4.0,5436.0,346786.0,3911.0,2070.0,22904.0
4/24/21,2484.0,13814.0,567.0,2596.0,7.0,4544.0,349691.0,3308.0,2839.0,18230.0
4/25/21,1972.0,13157.0,478.0,1399.0,3.0,4402.0,352991.0,1653.0,2438.0,19165.0
4/26/21,1898.0,8440.0,196.0,1307.0,4.0,5944.0,323023.0,1143.0,2048.0,21026.0
4/27/21,1592.0,10398.0,353.0,3287.0,6.0,4656.0,360927.0,3592.0,2179.0,20963.0
4/28/21,1917.0,13382.0,572.0,2770.0,6.0,5241.0,379308.0,3818.0,2012.0,21713.0
4/29/21,2272.0,14314.0,470.0,2415.0,5.0,5833.0,386555.0,3990.0,1871.0,19899.0
4/30/21,2157.0,13445.0,460.0,2125.0,7.0,5500.0,401993.0,3821.0,1583.0,19272.0
5/1/21,2119.0,12964.0,454.0,1389.0,4.0,4512.0,392488.0,3025.0,1891.0,17080.0
5/2/21,1667.0,9145.0,330.0,0.0,5.0,4394.0,368060.0,1093.0,1940.0,18698.0
5/3/21,1540.0,5946.0,180.0,2146.0,8.0,4730.0,357316.0,1027.0,2041.0,20732.0
5/4/21,1109.0,9113.0,258.0,1368.0,8.0,4369.0,382146.0,3064.0,1763.0,20150.0
5/5/21,1448.0,10579.0,387.0,2091.0,7.0,5285.0,412431.0,3021.0,2112.0,15872.0
5/6/21,1726.0,11798.0,373.0,3418.0,13.0,5647.0,414188.0,2846.0,1911.0,18409.0
5/7/21,1395.0,10549.0,377.0,2671.0,5.0,6327.0,401078.0,3043.0,2044.0,17076.0
5/8/21,1385.0,10174.0,406.0,2461.0,5.0,6130.0,403405.0,2743.0,2419.0,13576.0
5/9/21,1156.0,8289.0,324.0,1427.0,1.0,3922.0,366494.0,1175.0,2101.0,14141.0
5/10/21,1060.0,5077.0,158.0,1900.0,15.0,4891.0,329942.0,704.0,1630.0,18408.0
5/11/21,745.0,6943.0,268.0,3172.0,11.0,5021.0,348421.0,1897.0,1919.0,18133.0
5/12/21,928.0,7848.0,485.0,2478.0,21.0,4608.0,362727.0,3090.0,1983.0,16409.0
5/13/21,1158.0,8082.0,436.0,2139.0,25.0,3448.0,343144.0,3632.0,4887.0,14246.0
5/14/21,997.0,7562.0,450.0,2188.0,34.0,2633.0,326098.0,2880.0,2256.0,10145.0
5/15/21,852.0,6652.0,469.0,1950.0,185.0,2385.0,311170.0,2695.0,3095.0,7723.0
5/16/21,637.0,5748.0,334.0,1259.0,207.0,3080.0,281386.0,1233.0,2302.0,11291.0
5/17/21,683.0,3454.0,199.0,1395.0,335.0,4295.0,263533.0,822.0,9635.0,14319.0
5/18/21,521.0,4449.0,386.0,2781.0,243.0,4185.0,267334.0,2767.0,2473.0,13930.0
5/19/21,639.0,5500.0,511.0,2292.0,273.0,4871.0,276110.0,2000.0,3394.0,12789.0
5/20/21,845.0,5736.0,451.0,1886.0,292.0,5797.0,259551.0,2628.0,2636.0,12428.0
5/21/21,610.0,5215.0,559.0,1982.0,314.0,5746.0,257299.0,2604.0,3481.0,11250.0
5/22/21,661.0,4714.0,523.0,1503.0,723.0,5296.0,240842.0,2586.0,3052.0,8005.0
5/23/21,569.0,3993.0,413.0,875.0,460.0,5280.0,222315.0,1274.0,3382.0,8631.0
5/24/21,509.0,2489.0,241.0,1377.0,595.0,5907.0,196427.0,703.0,2713.0,11005.0
5/25/21,349.0,3220.0,375.0,2402.0,539.0,5060.0,208921.0,2483.0,3226.0,11873.0
5/26/21,407.0,3935.0,594.0,1511.0,635.0,5034.0,211298.0,2932.0,2455.0,10468.0
5/27/21,485.0,4143.0,572.0,1876.0,670.0,6278.0,186364.0,3050.0,3323.0,9994.0
5/28/21,607.0,3737.0,598.0,1928.0,554.0,5862.0,173790.0,3006.0,3759.0,10253.0
5/29/21,537.0,3348.0,609.0,1497.0,491.0,6565.0,165553.0,2725.0,4803.0,7107.0
5/30/21,424.0,2948.0,445.0,906.0,354.0,6115.0,152734.0,1307.0,4528.0,8876.0
5/31/21,385.0,1818.0,435.0,1005.0,351.0,5662.0,127510.0,932.0,5485.0,11042.0
6/1/21,328.0,2483.0,445.0,1857.0,331.0,4824.0,132788.0,6917.0,2230.0,10687.0
6/2/21,360.0,2896.0,724.0,1379.0,547.0,5246.0,134154.0,3269.0,3440.0,11620.0
6/3/21,489.0,1963.0,769.0,1209.0,585.0,5353.0,132364.0,2894.0,3886.0,9657.0
6/4/21,305.0,2556.0,430.0,1106.0,472.0,6486.0,120529.0,2809.0,2631.0,9209.0
6/5/21,351.0,2434.0,573.0,932.0,510.0,6594.0,114460.0,2071.0,2817.0,6442.0
6/6/21,284.0,2275.0,612.0,579.0,342.0,5832.0,100636.0,1979.0,2671.0,5612.0
6/7/21,326.0,1270.0,388.0,798.0,193.0,6993.0,86498.0,881.0,2419.0,4907.0
6/8/21,311.0,1894.0,598.0,1368.0,203.0,6294.0,92596.0,3449.0,2662.0,8846.0
6/9/21,307.0,2198.0,890.0,886.0,274.0,7725.0,93463.0,3855.0,2680.0,10598.0
6/10/21,356.0,2078.0,910.0,750.0,254.0,8892.0,92291.0,3672.0,2310.0,12398.0
6/11/21,287.0,1892.0,519.0,784.0,278.0,8083.0,84332.0,3282.0,2290.0,9966.0
6/12/21,227.0,1722.0,789.0,682.0,246.0,7465.0,80834.0,3649.0,3277.0,7444.0
6/13/21,198.0,1390.0,707.0,297.0,175.0,9868.0,70421.0,1707.0,2804.0,8195.0
6/14/21,207.0,907.0,625.0,468.0,185.0,8189.0,60471.0,1175.0,3355.0,10715.0
6/15/21,103.0,1253.0,973.0,794.0,135.0,8161.0,62224.0,4250.0,3000.0,10216.0
6/16/21,147.0,1400.0,1350.0,546.0,168.0,9944.0,67208.0,3789.0,2331.0,10487.0
6/17/21,180.0,1323.0,1233.0,512.0,175.0,12624.0,62480.0,4253.0,3129.0,10291.0
6/18/21,171.0,1147.0,1298.0,453.0,187.0,12990.0,60753.0,4098.0,3058.0,10100.0
6/19/21,131.0,1193.0,1183.0,389.0,125.0,12906.0,58226.0,0.0,3667.0,6448.0
6/20/21,149.0,881.0,941.0,247.0,109.0,13737.0,53449.0,5542.0,3682.0,8161.0
6/21/21,108.0,484.0,756.0,206.0,75.0,14536.0,42640.0,1268.0,3175.0,10485.0
6/22/21,115.0,834.0,1020.0,395.0,77.0,13668.0,50848.0,4233.0,4059.0,11716.0
6/23/21,102.0,1140.0,1497.0,512.0,103.0,15308.0,54069.0,4963.0,3174.0,11059.0
6/24/21,116.0,266.0,1556.0,454.0,129.0,20574.0,51667.0,5340.0,4108.0,11734.0
6/25/21,99.0,751.0,1604.0,386.0,76.0,18872.0,48698.0,5270.0,3644.0,10820.0
6/26/21,108.0,838.0,1568.0,375.0,80.0,21095.0,50040.0,5051.0,4160.0,7034.0
6/27/21,117.0,780.0,1496.0,235.0,89.0,21342.0,46148.0,2384.0,3996.0,9758.0
6/28/21,66.0,387.0,902.0,361.0,60.0,20694.0,37566.0,1661.0,5406.0,12351.0
6/29/21,73.0,677.0,1746.0,563.0,54.0,20467.0,45951.0,5711.0,4662.0,12717.0
6/30/21,93.0,776.0,2362.0,627.0,56.0,21807.0,48786.0,6105.0,4786.0,11748.0
7/1/21,106.0,879.0,2449.0,729.0,49.0,24836.0,46617.0,6081.0,5533.0,14303.0
7/2/21,80.0,794.0,2436.0,980.0,58.0,25830.0,44111.0,5842.0,6087.0,13836.0
7/3/21,108.0,929.0,2605.0,1182.0,80.0,27913.0,43071.0,6265.0,6230.0,8341.0
7/4/21,104.0,806.0,2041.0,617.0,39.0,27233.0,39796.0,2611.0,5916.0,13781.0
7/5/21,68.0,480.0,1483.0,999.0,31.0,29745.0,34703.0,1805.0,6166.0,16025.0
7/6/21,73.0,907.0,2170.0,2181.0,27.0,31189.0,43733.0,7989.0,5420.0,16080.0
7/7/21,103.0,1010.0,3285.0,1816.0,40.0,34379.0,45892.0,8507.0,6519.0,17212.0
7/8/21,127.0,1391.0,3269.0,2061.0,21.0,38391.0,43393.0,9452.0,7058.0,23391.0
7/9/21,148.0,1386.0,3194.0,1997.0,36.0,38124.0,42766.0,9319.0,9276.0,16596.0
7/10/21,199.0,1394.0,3162.0,2327.0,33.0,35094.0,41506.0,9581.0,9326.0,11664.0
7/11/21,178.0,1391.0,2323.0,1464.0,31.0,36197.0,37154.0,3779.0,9539.0,17664.0
7/12/21,154.0,887.0,1782.0,2063.0,24.0,40427.0,32906.0,3074.0,8656.0,20829.0
7/13/21,184.0,1530.0,2650.0,3911.0,29.0,47899.0,38865.0,11137.0,8685.0,22750.0
7/14/21,245.0,2153.0,4153.0,2935.0,26.0,54517.0,41733.0,12116.0,9317.0,23371.0
7/15/21,273.0,2473.0,3641.0,2794.0,18.0,56757.0,38949.0,12821.0,9186.0,23655.0
7/16/21,302.0,2895.0,3547.0,2688.0,32.0,54000.0,38079.0,12420.0,9692.0,21885.0
7/17/21,352.0,3118.0,3677.0,2554.0,12.0,51952.0,41157.0,12631.0,10082.0,15139.0
7/18/21,431.0,3126.0,3261.0,1558.0,18.0,44721.0,38164.0,4438.0,11397.0,22184.0
7/19/21,336.0,2070.0,1855.0,1834.0,21.0,34257.0,30093.0,5307.0,11784.0,25441.0
7/20/21,265.0,3555.0,2706.0,4327.0,24.0,38325.0,42015.0,13853.0,11305.0,27444.0
7/21/21,336.0,4254.0,4376.0,2968.0,25.0,33772.0,41383.0,15198.0,13002.0,27379.0
7/22/21,363.0,5056.0,3622.0,2601.0,33.0,49509.0,35342.0,16244.0,13655.0,20313.0
7/23/21,419.0,5142.0,3794.0,2852.0,24.0,49071.0,39097.0,0.0,14575.0,21814.0
7/24/21,421.0,5138.0,3396.0,2472.0,23.0,45416.0,39742.0,32244.0,14260.0,18632.0
7/25/21,342.0,4742.0,2625.0,1553.0,13.0,38679.0,39361.0,6535.0,15335.0,27146.0
7/26/21,325.0,3115.0,1610.0,2056.0,11.0,28228.0,29689.0,5920.0,15376.0,31814.0
7/27/21,316.0,4516.0,2316.0,4170.0,17.0,45203.0,43654.0,17408.0,14150.0,34951.0
7/28/21,365.0,5693.0,3452.0,2870.0,20.0,47791.0,43509.0,19028.0,16533.0,33817.0
7/29/21,547.0,6167.0,3009.0,2694.0,18.0,43479.0,44230.0,19223.0,17669.0,34433.0
7/30/21,506.0,6613.0,2595.0,2843.0,25.0,41168.0,41649.0,19346.0,17345.0,24715.0
7/31/21,531.0,6509.0,2590.0,2752.0,12.0,37284.0,41831.0,18809.0,18912.0,19846.0
8/1/21,544.0,5320.0,2306.0,1603.0,14.0,30738.0,40134.0,6740.0,18027.0,32511.0
8/2/21,420.0,3185.0,1190.0,2154.0,14.0,22404.0,30549.0,6506.0,17970.0,37189.0
8/3/21,346.0,4841.0,2076.0,3969.0,19.0,33900.0,42625.0,18911.0,18901.0,39019.0
8/4/21,402.0,6590.0,3203.0,2855.0,21.0,35867.0,42982.0,20685.0,20200.0,39357.0
8/5/21,595.0,7224.0,2581.0,2787.0,11.0,35764.0,44643.0,21569.0,20920.0,38674.0
8/6/21,497.0,6599.0,2377.0,2924.0,12.0,39532.0,38628.0,21563.0,21379.0,34913.0
8/7/21,601.0,6897.0,2621.0,2746.0,10.0,31753.0,39070.0,20018.0,21838.0,26439.0
8/8/21,571.0,5733.0,1982.0,1850.0,7.0,26415.0,35499.0,7573.0,19983.0,39619.0
8/9/21,563.0,4200.0,1094.0,2593.0,8.0,20709.0,28204.0,6513.0,19603.0,40808.0
8/10/21,436.0,5624.0,2232.0,4614.0,8.0,32081.0,38353.0,19555.0,19843.0,39139.0
8/11/21,618.0,6921.0,2948.0,3472.0,16.0,30625.0,41195.0,22711.0,21038.0,42541.0
8/12/21,874.0,7267.0,2708.0,3603.0,6.0,24709.0,40120.0,24975.0,22782.0,39049.0
8/13/21,859.0,7398.0,2598.0,3493.0,16.0,30788.0,38667.0,22758.0,23418.0,39119.0
8/14/21,968.0,7181.0,2571.0,3270.0,7.0,28598.0,36083.0,23642.0,22086.0,29700.0
8/15/21,951.0,5661.0,2217.0,1888.0,9.0,20813.0,32937.0,0.0,21882.0,36736.0
8/16/21,833.0,3669.0,1135.0,2212.0,10.0,17384.0,25166.0,16467.0,21157.0,41194.0
8/17/21,797.0,5268.0,2118.0,4412.0,18.0,20741.0,35178.0,14814.0,20128.0,50228.0
8/18/21,875.0,7159.0,2983.0,3437.0,11.0,15768.0,36401.0,28953.0,20515.0,39174.0
8/19/21,1214.0,7240.0,2554.0,3273.0,6.0,22053.0,36571.0,23169.0,20902.0,31266.0
8/20/21,1291.0,7220.0,2507.0,3596.0,9.0,20004.0,34457.0,21734.0,19851.0,28833.0
8/21/21,1313.0,7466.0,2676.0,3184.0,10.0,16744.0,30948.0,20307.0,20571.0,24179.0
8/22/21,1286.0,5922.0,2112.0,1947.0,10.0,12408.0,25072.0,7658.0,19014.0,36419.0
8/23/21,1106.0,4166.0,1126.0,2626.0,6.0,9604.0,25467.0,6543.0,17491.0,38657.0
8/24/21,983.0,6078.0,2261.0,5000.0,6.0,19106.0,37593.0,18262.0,17165.0,40623.0
8/25/21,1155.0,7539.0,3062.0,3265.0,1.0,18671.0,46164.0,21250.0,18417.0,39983.0
8/26/21,1618.0,7215.0,2552.0,3528.0,8.0,16899.0,44658.0,20633.0,18501.0,36758.0
8/27/21,1453.0,7823.0,2370.0,3067.0,7.0,12618.0,46759.0,19556.0,18702.0,36279.0
8/28/21,1404.0,6858.0,2374.0,3062.0,6.0,10050.0,45083.0,17546.0,17984.0,26034.0
8/29/21,1375.0,5954.0,1782.0,1581.0,23.0,7427.0,42909.0,6837.0,16536.0,31516.0
8/30/21,1346.0,4253.0,1072.0,2343.0,8.0,5436.0,30941.0,5564.0,15972.0,33780.0
8/31/21,1083.0,5492.0,1908.0,4306.0,4.0,10534.0,41965.0,11146.0,14666.0,31319.0
9/1/21,1280.0,6496.0,1565.0,2868.0,6.0,10337.0,47092.0,17337.0,14802.0,33170.0
9/2/21,1852.0,6754.0,2830.0,2836.0,5.0,0.0,45352.0,18138.0,14956.0,30279.0
9/3/21,1557.0,6729.0,1822.0,2715.0,6.0,16752.0,42618.0,17409.0,14653.0,27621.0
9/4/21,1692.0,6156.0,1713.0,2284.0,1.0,6727.0,42766.0,15586.0,15942.0,20404.0
9/5/21,1932.0,5314.0,1190.0,1284.0,6.0,5403.0,38948.0,7504.0,15452.0,25870.0
9/6/21,1576.0,3347.0,663.0,1765.0,16.0,4413.0,31222.0,5127.0,13988.0,27579.0
9/7/21,1391.0,4715.0,1231.0,3442.0,12.0,7201.0,37875.0,15784.0,13821.0,27138.0
9/8/21,1801.0,5921.0,1778.0,2198.0,9.0,6731.0,43263.0,15876.0,14176.0,26854.0
9/9/21,2300.0,5518.0,1408.0,2163.0,6.0,5990.0,34973.0,14828.0,16031.0,26821.0
9/10/21,2169.0,5617.0,1323.0,2129.0,7.0,5376.0,33376.0,0.0,14403.0,21114.0
9/11/21,2339.0,5191.0,1223.0,2190.0,5.0,5001.0,28591.0,26744.0,15191.0,16654.0
9/12/21,2246.0,4664.0,911.0,1319.0,14.0,3779.0,27254.0,5139.0,14029.0,20219.0
9/13/21,1837.0,2792.0,458.0,1608.0,5.0,2577.0,25404.0,4161.0,12583.0,22541.0
9/14/21,1390.0,4009.0,1058.0,3590.0,5.0,4128.0,27176.0,12929.0,11786.0,22329.0
9/15/21,1848.0,4826.0,1247.0,2406.0,5.0,3948.0,30570.0,13217.0,13798.0,19731.0
9/16/21,2600.0,5115.0,1062.0,2322.0,12.0,3145.0,34403.0,7040.0,13897.0,18021.0
9/17/21,2318.0,4544.0,1023.0,2231.0,8.0,3835.0,35662.0,3754.0,14555.0,17605.0
9/18/21,2212.0,4576.0,939.0,2184.0,6.0,3385.0,30773.0,0.0,14109.0,12847.0
9/19/21,2028.0,3836.0,677.0,1286.0,12.0,2234.0,30256.0,16694.0,13576.0,15975.0
9/20/21,1429.0,2405.0,272.0,2124.0,6.0,1932.0,26115.0,3367.0,12709.0,17397.0
9/21/21,1339.0,3374.0,780.0,3688.0,5.0,3263.0,26964.0,12521.0,10919.0,17564.0
9/22/21,1378.0,3963.0,891.0,2325.0,7.0,2720.0,31923.0,11603.0,11252.0,17433.0
9/23/21,2109.0,4053.0,885.0,2101.0,9.0,2881.0,31382.0,11808.0,13256.0,16362.0
9/24/21,1839.0,3790.0,757.0,2033.0,8.0,2557.0,29616.0,10139.0,12697.0,15294.0
9/25/21,1817.0,3519.0,713.0,1814.0,5.0,2137.0,28326.0,0.0,11975.0,10843.0
9/26/21,1829.0,3099.0,599.0,1100.0,8.0,1760.0,26041.0,13685.0,12353.0,13792.0
9/27/21,1386.0,1773.0,230.0,2122.0,9.0,1390.0,18795.0,3007.0,10288.0,14470.0
9/28/21,1385.0,2962.0,600.0,3287.0,7.0,2057.0,18870.0,9792.0,9489.0,11701.0
9/29/21,1589.0,3212.0,755.0,2157.0,11.0,1954.0,23529.0,9796.0,10414.0,13271.0
9/30/21,2614.0,4094.0,749.0,2232.0,7.0,1690.0,26727.0,8828.0,11645.0,14078.0
10/1/21,1925.0,3403.0,696.0,2601.0,11.0,1624.0,24354.0,7388.0,11754.0,14525.0
10/2/21,1739.0,3309.0,690.0,1798.0,10.0,1414.0,22842.0,7369.0,11376.0,10135.0
10/3/21,1808.0,2967.0,449.0,1142.0,6.0,1142.0,20799.0,0.0,10828.0,12428.0
10/4/21,1558.0,1612.0,193.0,2125.0,5.0,922.0,18346.0,5262.0,9930.0,14607.0
10/5/21,1372.0,2463.0,730.0,3084.0,7.0,1404.0,18833.0,0.0,9869.0,13226.0
10/6/21,1458.0,3232.0,500.0,2294.0,5.0,1484.0,22431.0,7682.0,9866.0,10497.0
10/7/21,2680.0,2933.0,731.0,2229.0,4.0,1393.0,21257.0,15310.0,11200.0,11625.0
10/8/21,2038.0,3017.0,841.0,2277.0,12.0,1384.0,19740.0,7158.0,11140.0,9897.0
10/9/21,1854.0,2747.0,704.0,2162.0,4.0,1167.0,18166.0,0.0,10630.0,7654.0
10/10/21,1877.0,2278.0,499.0,1320.0,7.0,894.0,18132.0,8843.0,10817.0,11256.0
10/11/21,1584.0,1516.0,327.0,2358.0,11.0,620.0,14313.0,2007.0,10035.0,13504.0
10/12/21,1299.0,2486.0,719.0,3237.0,4.0,1261.0,15823.0,7187.0,9445.0,13391.0
10/13/21,1596.0,2769.0,828.0,2312.0,4.0,1233.0,18987.0,6320.0,10064.0,12298.0
10/14/21,2721.0,2666.0,777.0,2572.0,8.0,1053.0,16862.0,5825.0,11276.0,11964.0
10/15/21,2115.0,2729.0,766.0,2618.0,4.0,915.0,15981.0,5286.0,10486.0,11857.0
10/16/21,2394.0,2982.0,612.0,2301.0,11.0,997.0,14146.0,5203.0,10648.0,7515.0
10/17/21,2382.0,2435.0,465.0,1689.0,1.0,747.0,13596.0,1993.0,10863.0,11396.0
10/18/21,2149.0,1594.0,291.0,3147.0,0.0,626.0,13058.0,1413.0,10111.0,11844.0
10/19/21,1996.0,2695.0,832.0,3926.0,6.0,903.0,14623.0,4220.0,9122.0,13308.0
10/20/21,2727.0,3699.0,927.0,3252.0,4.0,914.0,18454.0,5069.0,8918.0,11770.0
10/21/21,3982.0,3791.0,865.0,3376.0,2.0,633.0,15786.0,4798.0,9727.0,11788.0
10/22/21,3618.0,3879.0,930.0,3541.0,8.0,760.0,16326.0,4653.0,9809.0,11064.0
10/23/21,3486.0,3905.0,883.0,3155.0,7.0,802.0,15906.0,4452.0,9743.0,7081.0
10/24/21,3709.0,3723.0,604.0,2075.0,4.0,623.0,14306.0,0.0,9351.0,9174.0
10/25/21,3533.0,2535.0,313.0,3937.0,8.0,460.0,12428.0,2787.0,8675.0,7516.0
10/26/21,2797.0,4053.0,829.0,4276.0,4.0,611.0,13451.0,0.0,7706.0,9096.0
10/27/21,3446.0,4595.0,965.0,3639.0,8.0,719.0,16156.0,4538.0,8452.0,10644.0
10/28/21,4487.0,4863.0,888.0,2957.0,6.0,723.0,14348.0,9300.0,9658.0,11409.0
10/29/21,4310.0,5332.0,844.0,3611.0,5.0,683.0,14313.0,4001.0,8968.0,9893.0
10/30/21,5938.0,4877.0,911.0,4670.0,7.0,620.0,12830.0,3478.0,9224.0,6809.0
10/31/21,5980.0,4525.0,763.0,2722.0,6.0,523.0,12514.0,1446.0,8859.0,8427.0
11/1/21,5634.0,2818.0,491.0,5425.0,5.0,403.0,10423.0,0.0,8165.0,9857.0
11/2/21,4798.0,2831.0,450.0,6856.0,4.0,612.0,11903.0,994.0,7574.0,10104.0
11/3/21,5288.0,5188.0,1074.0,6141.0,7.0,801.0,12885.0,3588.0,7679.0,10363.0
11/4/21,6581.0,5902.0,1382.0,6784.0,2.0,628.0,12729.0,2660.0,7980.0,9862.0
11/5/21,8971.0,6761.0,1289.0,6889.0,7.0,518.0,10929.0,3763.0,8150.0,8633.0
11/6/21,9786.0,6760.0,1197.0,6356.0,1.0,401.0,10826.0,7188.0,8467.0,6803.0
11/7/21,9708.0,5822.0,1023.0,4283.0,4.0,444.0,11478.0,1382.0,7960.0,7554.0
11/8/21,8119.0,4547.0,568.0,7335.0,3.0,244.0,10126.0,0.0,7592.0,8341.0
11/9/21,8024.0,6111.0,1182.0,8969.0,6.0,434.0,11466.0,4473.0,6904.0,8305.0
11/10/21,7759.0,8033.0,1654.0,7089.0,5.0,480.0,13091.0,0.0,6978.0,7948.0
11/11/21,11975.0,8697.0,1477.0,6771.0,9.0,435.0,12516.0,7049.0,7496.0,7539.0
11/12/21,13225.0,8522.0,1751.0,6832.0,10.0,399.0,11850.0,0.0,7305.0,7322.0
11/13/21,10591.0,8539.0,1816.0,6132.0,4.0,359.0,11271.0,3353.0,7057.0,4306.0
11/14/21,12654.0,7565.0,1483.0,3842.0,8.0,339.0,10229.0,3130.0,7079.0,6143.0
11/15/21,11440.0,5199.0,974.0,6950.0,9.0,221.0,8865.0,942.0,6343.0,7494.0
11/16/21,11199.0,7815.0,1693.0,8364.0,2.0,347.0,10197.0,775.0,5947.0,6430.0
11/17/21,10985.0,10167.0,2527.0,6653.0,5.0,522.0,11919.0,4571.0,6524.0,6251.0
11/18/21,16471.0,10645.0,2398.0,7276.0,3.0,400.0,11106.0,3915.0,6901.0,5882.0
11/19/21,15024.0,10554.0,2371.0,7751.0,10.0,360.0,10302.0,0.0,6855.0,5784.0
11/20/21,14881.0,11540.0,2333.0,5944.0,4.0,393.0,10488.0,3837.0,6595.0,3539.0
11/21/21,14069.0,9707.0,2499.0,4108.0,9.0,314.0,8488.0,3306.0,7006.0,4340.0
11/22/21,14099.0,6403.0,1475.0,7287.0,3.0,186.0,7579.0,2141.0,6428.0,5427.0
11/23/21,11635.0,10044.0,2560.0,8348.0,7.0,394.0,9283.0,0.0,5126.0,5144.0
11/24/21,11977.0,12450.0,3773.0,7106.0,5.0,451.0,9119.0,3698.0,5857.0,4813.0
11/25/21,14515.0,13756.0,3150.0,6561.0,10.0,372.0,10549.0,8415.0,6335.0,4850.0
11/26/21,14458.0,13681.0,3205.0,6602.0,12.0,453.0,8318.0,3445.0,6559.0,4384.0
11/27/21,12130.0,12869.0,3364.0,5859.0,12.0,404.0,8774.0,0.0,6073.0,3045.0
11/28/21,12048.0,12927.0,2897.0,3823.0,10.0,264.0,8309.0,2956.0,5854.0,3781.0
11/29/21,9621.0,7972.0,1635.0,6677.0,8.0,176.0,6990.0,1774.0,4753.0,4310.0
11/30/21,7987.0,12757.0,2907.0,7720.0,5.0,297.0,8954.0,0.0,4306.0,4253.0
12/1/21,8110.0,15073.0,4670.0,6192.0,8.0,278.0,9765.0,6652.0,4886.0,4312.0
12/2/21,10961.0,16810.0,2898.0,6256.0,17.0,311.0,9216.0,0.0,4971.0,3839.0
12/3/21,8774.0,17015.0,2535.0,6201.0,11.0,245.0,8603.0,6234.0,4912.0,3603.0
12/4/21,7249.0,16627.0,5649.0,5143.0,11.0,246.0,0.0,0.0,5896.0,2157.0
12/5/21,6262.0,15010.0,3786.0,3526.0,4.0,196.0,17201.0,3811.0,4704.0,3109.0
12/6/21,5314.0,9494.0,2216.0,4927.0,10.0,130.0,6822.0,752.0,4000.0,3356.0
12/7/21,4270.0,15742.0,3417.0,7254.0,21.0,261.0,8439.0,0.0,3525.0,3514.0
12/8/21,4414.0,17946.0,5286.0,5899.0,5.0,264.0,9419.0,3304.0,3618.0,3309.0
12/9/21,6068.0,12516.0,3588.0,5513.0,16.0,220.0,8402.0,6395.0,4203.0,3228.0
12/10/21,4314.0,20490.0,3742.0,5087.0,17.0,192.0,7990.0,0.0,4193.0,2971.0
12/11/21,3117.0,21035.0,5373.0,4751.0,10.0,228.0,7877.0,2992.0,4079.0,1681.0
12/12/21,4821.0,19212.0,3879.0,3225.0,6.0,163.0,7350.0,2655.0,3787.0,2289.0
12/13/21,3261.0,12704.0,2314.0,3829.0,5.0,106.0,5784.0,855.0,3398.0,2706.0
12/14/21,3262.0,20665.0,3591.0,5953.0,10.0,190.0,6984.0,771.0,2862.0,2784.0
12/15/21,2934.0,23190.0,5800.0,4786.0,7.0,205.0,7974.0,5651.0,3370.0,2651.0
12/16/21,4128.0,26104.0,5137.0,4696.0,12.0,213.0,7447.0,2627.0,3684.0,2500.0
12/17/21,2929.0,28615.0,4644.0,4761.0,15.0,291.0,0.0,0.0,3537.0,2196.0
12/18/21,2698.0,28057.0,5062.0,4337.0,13.0,232.0,7145.0,2750.0,3132.0,1361.0
12/19/21,2346.0,24303.0,4266.0,2831.0,6.0,164.0,13644.0,2530.0,2899.0,1968.0
12/20/21,1984.0,16205.0,2752.0,3689.0,11.0,133.0,5326.0,1557.0,2525.0,2390.0
12/21/21,1886.0,30783.0,5754.0,6542.0,10.0,216.0,6317.0,0.0,2476.0,2413.0
12/22/21,1951.0,36326.0,8937.0,5635.0,14.0,179.0,7495.0,2980.0,2532.0,2103.0
12/23/21,2814.0,44585.0,10549.0,6647.0,13.0,136.0,6650.0,3319.0,2940.0,1932.0
12/24/21,2162.0,50590.0,12943.0,7660.0,20.0,204.0,7189.0,6883.0,2671.0,1967.0
12/25/21,2266.0,54787.0,10016.0,6590.0,18.0,255.0,6987.0,2916.0,2766.0,1121.0
12/26/21,2116.0,24882.0,3732.0,4036.0,24.0,0.0,6531.0,0.0,2532.0,1857.0
12/27/21,1628.0,30799.0,6334.0,9284.0,16.0,212.0,6358.0,803.0,2437.0,1967.0
12/28/21,1736.0,78300.0,17172.0,21732.0,19.0,278.0,9195.0,943.0,2305.0,2128.0
12/29/21,2601.0,98016.0,26867.0,28828.0,14.0,194.0,13154.0,4426.0,2575.0,1905.0
12/30/21,3342.0,127000.0,28659.0,35580.0,24.0,189.0,16764.0,5290.0,3037.0,1936.0
12/31/21,3181.0,144255.0,30829.0,40560.0,41.0,180.0,22775.0,18061.0,3111.0,1703.0
1/1/22,3817.0,141256.0,23290.0,30009.0,21.0,274.0,27553.0,9193.0,3011.0,1002.0
1/2/22,3699.0,61137.0,11080.0,17633.0,20.0,174.0,33750.0,1671.0,3112.0,1510.0
1/3/22,3001.0,68034.0,10554.0,36246.0,25.0,265.0,37379.0,2877.0,2927.0,1677.0
1/4/22,3483.0,170837.0,25836.0,50182.0,34.0,299.0,58097.0,15184.0,3091.0,1706.0
1/5/22,6006.0,189088.0,39570.0,43386.0,26.0,404.0,90928.0,20626.0,3899.0,1171.0
1/6/22,10082.0,219430.0,39074.0,33711.0,43.0,533.0,117100.0,25821.0,5775.0,1579.0
1/7/22,8792.0,108297.0,38734.0,29334.0,60.0,518.0,141986.0,28023.0,7526.0,1178.0
1/8/22,8891.0,197535.0,35643.0,37670.0,44.0,479.0,159632.0,30671.0,8263.0,701.0
1/9/22,7050.0,155642.0,26419.0,18592.0,60.0,529.0,179723.0,11599.0,8511.0,1480.0
1/10/22,10716.0,117405.0,20212.0,27766.0,32.0,454.0,168063.0,0.0,7926.0,1932.0
1/11/22,10926.0,220519.0,33340.0,32833.0,69.0,802.0,194720.0,44678.0,7133.0,1961.0
1/12/22,12683.0,196205.0,40945.0,24245.0,96.0,646.0,247417.0,44187.0,7681.0,2089.0
1/13/22,16547.0,184577.0,40134.0,20409.0,65.0,793.0,264202.0,43523.0,8167.0,2394.0
1/14/22,16831.0,200869.0,40090.0,19772.0,68.0,850.0,268833.0,0.0,8158.0,2539.0
1/15/22,16934.0,192936.0,38136.0,17447.0,77.0,1054.0,271202.0,91406.0,7793.0,1421.0
1/16/22,17057.0,157465.0,32271.0,10783.0,51.0,855.0,258089.0,19132.0,8077.0,2292.0
1/17/22,14856.0,83387.0,21917.0,18834.0,65.0,772.0,238018.0,17101.0,6929.0,3163.0
1/18/22,16110.0,228123.0,43729.0,23691.0,66.0,1362.0,282970.0,0.0,6397.0,3653.0
1/19/22,18334.0,200966.0,52549.0,20100.0,54.0,1745.0,317532.0,109895.0,7122.0,4060.0
1/20/22,28094.0,198865.0,56426.0,18867.0,36.0,2116.0,347254.0,0.0,8129.0,4658.0
1/21/22,25130.0,185600.0,58530.0,20507.0,68.0,2604.0,337704.0,100279.0,8640.0,5276.0
1/22/22,29628.0,177335.0,58131.0,18333.0,129.0,3205.0,333533.0,0.0,8112.0,3503.0
1/23/22,26668.0,142487.0,45569.0,12108.0,87.0,2925.0,306064.0,72240.0,7686.0,5144.0
1/24/22,23352.0,77666.0,32758.0,19073.0,51.0,2927.0,255874.0,17938.0,7139.0,7691.0
1/25/22,25133.0,211277.0,57657.0,17879.0,35.0,4878.0,285914.0,44902.0,6718.0,9378.0
1/26/22,26697.0,170940.0,65578.0,17960.0,92.0,7010.0,286384.0,0.0,7587.0,11851.0
1/27/22,38141.0,156040.0,65706.0,19712.0,63.0,8077.0,251209.0,48627.0,8078.0,14285.0
1/28/22,35761.0,144347.0,63833.0,22361.0,68.0,9905.0,235532.0,94265.0,8450.0,16757.0
1/29/22,37829.0,137427.0,59194.0,19584.0,47.0,11588.0,234281.0,42582.0,8618.0,11731.0
1/30/22,33591.0,104110.0,45335.0,11112.0,54.0,12422.0,209918.0,13926.0,8444.0,21996.0
1/31/22,28952.0,57631.0,77281.0,19731.0,55.0,10185.0,167059.0,12521.0,8008.0,28995.0
2/1/22,26105.0,133306.0,28971.0,24996.0,60.0,16021.0,161386.0,43099.0,7422.0,35070.0
2/2/22,27730.0,119323.0,53704.0,18825.0,53.0,17895.0,172433.0,0.0,8587.0,38160.0
2/3/22,43978.0,112956.0,57505.0,17662.0,55.0,27197.0,149394.0,42181.0,9172.0,37395.0
2/4/22,33642.0,100900.0,53312.0,18640.0,71.0,32211.0,127952.0,78178.0,9909.0,36908.0
2/5/22,36848.0,93192.0,50021.0,16023.0,72.0,33729.0,107474.0,35243.0,10490.0,23130.0
2/6/22,33200.0,78943.0,44091.0,10980.0,43.0,36057.0,83876.0,10234.0,10879.0,35429.0
2/7/22,29980.0,41602.0,32946.0,18847.0,48.0,26121.0,67597.0,9242.0,10470.0,39819.0
2/8/22,25927.0,102429.0,17909.0,23687.0,47.0,37492.0,71365.0,6343.0,10398.0,38757.0
2/9/22,29056.0,81669.0,32851.0,19616.0,54.0,46843.0,67084.0,24898.0,13182.0,39085.0
2/10/22,40419.0,76195.0,36231.0,19154.0,83.0,40618.0,58077.0,0.0,14822.0,33681.0
2/11/22,35351.0,67478.0,29587.0,17645.0,79.0,40489.0,50407.0,34261.0,15242.0,31247.0
2/12/22,33380.0,62221.0,25804.0,16442.0,60.0,55209.0,44877.0,57583.0,16330.0,18598.0
2/13/22,29883.0,52345.0,20862.0,10853.0,52.0,44526.0,34113.0,0.0,15882.0,25812.0
2/14/22,25038.0,28776.0,16930.0,20360.0,54.0,36501.0,27409.0,8854.0,14900.0,28956.0
2/15/22,24088.0,71023.0,8888.0,21958.0,45.0,57049.0,30615.0,7831.0,14373.0,25034.0
2/16/22,26526.0,59869.0,19436.0,19509.0,66.0,64718.0,30757.0,44303.0,16462.0,16310.0
2/17/22,38841.0,58055.0,21355.0,19501.0,65.0,63956.0,25920.0,21565.0,17349.0,17545.0
2/18/22,30930.0,53700.0,17803.0,18604.0,67.0,59635.0,22270.0,0.0,18066.0,19317.0
2/19/22,30629.0,50675.0,16745.0,15305.0,73.0,59384.0,19968.0,41306.0,18885.0,12058.0
2/20/22,25828.0,42202.0,15160.0,9596.0,70.0,48484.0,16051.0,5714.0,18953.0,16967.0
2/21/22,21836.0,24484.0,10059.0,18088.0,49.0,34418.0,13405.0,0.0,18883.0,19110.0
2/22/22,21426.0,60137.0,6147.0,19601.0,44.0,57491.0,15102.0,4832.0,18363.0,22073.0
2/23/22,23772.0,49162.0,14303.0,16962.0,56.0,61488.0,14148.0,36980.0,21232.0,15340.0
2/24/22,35384.0,47493.0,19438.0,15819.0,80.0,57426.0,13166.0,18252.0,23557.0,12957.0
2/25/22,28633.0,42069.0,12655.0,15908.0,68.0,49447.0,11499.0,15638.0,24932.0,11972.0
2/26/22,29920.0,39360.0,11493.0,11883.0,69.0,46643.0,10273.0,13459.0,25615.0,7039.0
2/27/22,25200.0,31878.0,10563.0,8214.0,60.0,34976.0,8013.0,3519.0,24719.0,9524.0
2/28/22,22171.0,18278.0,7666.0,16263.0,56.0,25054.0,6915.0,2524.0,22311.0,10962.0
3/1/22,21318.0,47136.0,4345.0,17208.0,44.0,24728.0,7554.0,13115.0,20420.0,9312.0
3/2/22,27453.0,37946.0,11812.0,15557.0,49.0,40920.0,6561.0,0.0,22197.0,6234.0
3/3/22,41093.0,42588.0,10468.0,15783.0,71.0,37259.0,6396.0,12342.0,23618.0,6772.0
3/4/22,31841.0,38353.0,13085.0,16050.0,64.0,26347.0,5921.0,10558.0,23834.0,6470.0
3/5/22,32075.0,41364.0,15691.0,12997.0,80.0,30156.0,5476.0,9748.0,22818.0,4089.0
3/6/22,31678.0,35889.0,15141.0,9213.0,43.0,24867.0,4362.0,10593.0,21881.0,5586.0
3/7/22,27737.0,22662.0,10639.0,8639.0,29.0,21380.0,3993.0,1684.0,21162.0,6426.0
3/8/22,26662.0,60753.0,5926.0,21057.0,53.0,30148.0,4575.0,8939.0,18943.0,5841.0
3/9/22,34237.0,49815.0,16205.0,23335.0,77.0,26336.0,4184.0,8385.0,22073.0,5008.0
3/10/22,51348.0,55156.0,15635.0,21863.0,82.0,21311.0,4194.0,7878.0,22984.0,6424.0
3/11/22,50249.0,53961.0,13692.0,21260.0,82.0,16110.0,3614.0,0.0,24792.0,3953.0
3/12/22,49632.0,54720.0,13367.0,19002.0,62.0,14900.0,3116.0,13765.0,24592.0,2219.0
3/13/22,43761.0,50028.0,12933.0,11986.0,63.0,11585.0,2503.0,1191.0,23584.0,3330.0
3/14/22,37633.0,29698.0,9023.0,22682.0,75.0,9629.0,2568.0,1018.0,22130.0,3813.0
3/15/22,34529.0,86414.0,4908.0,26620.0,39.0,14408.0,2876.0,0.0,19742.0,3223.0
3/16/22,40246.0,74147.0,14748.0,23694.0,90.0,13018.0,2539.0,6025.0,23945.0,3010.0
3/17/22,64038.0,82368.0,15284.0,24256.0,91.0,11532.0,2528.0,11084.0,25456.0,2580.0
3/18/22,51951.0,78577.0,13648.0,23621.0,75.0,9528.0,2075.0,0.0,27071.0,2175.0
3/19/22,50984.0,75768.0,12754.0,19705.0,126.0,7951.0,1761.0,4860.0,25804.0,1323.0
3/20/22,42322.0,61564.0,11974.0,12462.0,121.0,5922.0,1549.0,4114.0,24996.0,1816.0
3/21/22,37709.0,33445.0,8555.0,23528.0,98.0,4699.0,1581.0,901.0,23441.0,1254.0
3/22/22,31344.0,96904.0,4445.0,26709.0,88.0,7464.0,1778.0,1225.0,21382.0,1122.0
3/23/22,37095.0,78358.0,14692.0,23102.0,97.0,6376.0,1938.0,0.0,25164.0,1123.0
3/24/22,54899.0,82648.0,14979.0,22107.0,139.0,5808.0,1685.0,4251.0,27024.0,1345.0
3/25/22,41281.0,76397.0,12861.0,16234.0,136.0,0.0,1660.0,6736.0,26050.0,1530.0
3/26/22,37352.0,74616.0,11374.0,16558.0,103.0,0.0,1421.0,0.0,26234.0,1382.0
3/27/22,33200.0,60612.0,11879.0,13429.0,203.0,9046.0,1270.0,3855.0,25821.0,2299.0
3/28/22,25659.0,31560.0,7677.0,27489.0,127.0,5875.0,1259.0,657.0,24635.0,2915.0
3/29/22,21070.0,100296.0,3991.0,29072.0,96.0,3895.0,1233.0,2758.0,21678.0,2743.0
3/30/22,26137.0,71411.0,12710.0,22451.0,163.0,3840.0,1225.0,0.0,25389.0,2987.0
3/31/22,34192.0,74364.0,12876.0,21096.0,239.0,3332.0,1335.0,5224.0,27560.0,2487.0
4/1/22,26188.0,77040.0,11677.0,21102.0,235.0,2930.0,1260.0,2538.0,28379.0,2264.0
4/2/22,22295.0,71412.0,11071.0,15823.0,404.0,0.0,1096.0,3303.0,28029.0,1887.0
4/3/22,18992.0,55009.0,9818.0,10357.0,280.0,0.0,913.0,839.0,26840.0,1275.0
4/4/22,14010.0,31329.0,6740.0,18424.0,275.0,0.0,795.0,706.0,24892.0,3519.0
4/5/22,11550.0,88914.0,3467.0,18456.0,278.0,8176.0,1086.0,4223.0,21088.0,4615.0
4/6/22,15351.0,69885.0,10884.0,12265.0,359.0,2400.0,1033.0,12144.0,24252.0,4228.0
4/7/22,21047.0,70123.0,11280.0,10858.0,531.0,2089.0,1109.0,32216.0,26081.0,3800.0
4/8/22,16391.0,67641.0,10075.0,14763.0,507.0,1755.0,1150.0,4325.0,25140.0,3184.0
4/9/22,13930.0,64421.0,10322.0,12518.0,573.0,1468.0,1054.0,2767.0,25298.0,1757.0
4/10/22,13027.0,53920.0,9852.0,8635.0,574.0,1071.0,861.0,337.0,25139.0,2894.0
4/11/22,10670.0,28705.0,7229.0,6926.0,630.0,1196.0,796.0,281.0,22387.0,3125.0
4/12/22,7340.0,84056.0,3732.0,15331.0,626.0,1455.0,1088.0,648.0,19982.0,2737.0
4/13/22,9524.0,62586.0,12185.0,11061.0,927.0,1551.0,1007.0,749.0,47149.0,2356.0
4/14/22,12626.0,65617.0,12545.0,9308.0,981.0,833.0,949.0,464.0,0.0,2194.0
4/15/22,10449.0,62290.0,11550.0,8223.0,1283.0,922.0,975.0,401.0,20289.0,1994.0
4/16/22,9977.0,64533.0,11763.0,8017.0,1348.0,602.0,1150.0,1192.0,18892.0,1015.0
4/17/22,8807.0,52253.0,5123.0,5673.0,1302.0,607.0,2183.0,1000.0,17775.0,1895.0
4/18/22,7494.0,18588.0,7648.0,3868.0,1476.0,559.0,1247.0,0.0,16994.0,2009.0
4/19/22,5629.0,27326.0,3277.0,10211.0,1727.0,837.0,2067.0,1602.0,16891.0,1820.0
4/20/22,5774.0,100440.0,13070.0,7365.0,2476.0,0.0,2380.0,1290.0,20455.0,1607.0
4/21/22,8601.0,75995.0,14205.0,6755.0,3057.0,1326.0,2451.0,1075.0,21931.0,1413.0
4/22/22,11002.0,73744.0,11598.0,7014.0,3857.0,651.0,2527.0,0.0,21808.0,1096.0
4/23/22,8140.0,71028.0,11672.0,4175.0,4198.0,522.0,2593.0,1793.0,20052.0,608.0
4/24/22,6574.0,56848.0,9613.0,0.0,5170.0,382.0,2541.0,357.0,17784.0,528.0
4/25/22,5547.0,25282.0,6944.0,8413.0,5218.0,317.0,11.0,140.0,14994.0,1077.0
4/26/22,4470.0,29984.0,3725.0,4925.0,6336.0,576.0,5399.0,1190.0,13816.0,1307.0
4/27/22,6249.0,88431.0,4782.0,11487.0,8916.0,617.0,3303.0,1464.0,14887.0,1009.0
4/28/22,8313.0,70034.0,14346.0,7580.0,11508.0,412.0,3377.0,1232.0,14437.0,969.0
4/29/22,6602.0,59395.0,14528.0,7463.0,12307.0,395.0,3688.0,958.0,14053.0,719.0
4/30/22,6127.0,54017.0,14044.0,6497.0,15130.0,329.0,3324.0,911.0,12888.0,532.0
5/1/22,5331.0,41591.0,13594.0,4701.0,17072.0,244.0,3157.0,0.0,11535.0,655.0
5/2/22,4513.0,19068.0,9005.0,2665.0,0.0,168.0,2568.0,400.0,9331.0,697.0
5/3/22,3970.0,62409.0,4718.0,4262.0,40987.0,107.0,3205.0,-400.0,9721.0,571.0
5/4/22,5679.0,47643.0,13605.0,8015.0,28476.0,176.0,3275.0,0.0,9288.0,252.0
5/5/22,7215.0,48715.0,16583.0,5191.0,29984.0,250.0,3545.0,0.0,9790.0,228.0
5/6/22,6020.0,44364.0,15655.0,5130.0,36167.0,245.0,3805.0,0.0,7705.0,375.0
5/7/22,6149.0,40783.0,17595.0,4698.0,0.0,218.0,3451.0,0.0,8450.0,270.0
5/8/22,5164.0,31225.0,17264.0,3195.0,0.0,227.0,3207.0,0.0,8081.0,488.0
5/9/22,3521.0,17421.0,13538.0,2819.0,128935.0,254.0,2288.0,5972.0,6488.0,570.0
5/10/22,3957.0,56199.0,7336.0,6453.0,50819.0,0.0,2897.0,0.0,6230.0,460.0
5/11/22,4787.0,42683.0,22941.0,4761.0,57132.0,0.0,2827.0,0.0,7650.0,453.0
5/12/22,5165.0,39483.0,27659.0,4782.0,65415.0,1191.0,2841.0,0.0,8019.0,371.0
5/13/22,5254.0,39029.0,27976.0,4388.0,0.0,335.0,2858.0,0.0,7779.0,385.0
5/14/22,4963.0,36334.0,29755.0,4324.0,128954.0,308.0,2487.0,0.0,6736.0,255.0
5/15/22,3859.0,27726.0,24406.0,3269.0,68719.0,257.0,2202.0,0.0,6094.0,368.0
5/16/22,3450.0,13776.0,19260.0,3066.0,61714.0,182.0,1569.0,6789.0,5238.0,383.0
5/17/22,2156.0,44901.0,9101.0,6286.0,65802.0,247.0,1829.0,0.0,3893.0,352.0
5/18/22,2837.0,30927.0,38573.0,4626.0,85082.0,327.0,2364.0,0.0,5633.0,288.0
5/19/22,4426.0,30722.0,34424.0,3928.0,89420.0,318.0,2259.0,0.0,6305.0,280.0
5/20/22,3302.0,26818.0,31861.0,3708.0,85730.0,250.0,2323.0,0.0,6463.0,228.0
5/21/22,0.0,24246.0,0.0,3424.0,84606.0,263.0,2226.0,0.0,5377.0,159.0
5/22/22,0.0,18289.0,0.0,2385.0,79474.0,227.0,2022.0,0.0,-9342.0,312.0
5/23/22,7426.0,10021.0,30761.0,2235.0,66269.0,174.0,1675.0,7332.0,18180.0,268.0
5/24/22,207.0,30714.0,55523.0,5624.0,82379.0,345.0,2124.0,0.0,4144.0,268.0
5/25/22,2239.0,24145.0,35500.0,4141.0,89361.0,315.0,2628.0,0.0,5013.0,293.0
5/26/22,2620.0,20867.0,0.0,4048.0,81891.0,246.0,2710.0,0.0,4924.0,217.0
5/27/22,2631.0,21820.0,61734.0,3727.0,94796.0,224.0,2685.0,0.0,4837.0,185.0
5/28/22,0.0,18622.0,0.0,3190.0,80636.0,279.0,2828.0,0.0,4488.0,103.0
5/29/22,0.0,15136.0,0.0,2575.0,76569.0,242.0,2706.0,0.0,3649.0,175.0
5/30/22,5300.0,7846.0,26049.0,2400.0,60083.0,218.0,2338.0,13223.0,3854.0,240.0
5/31/22,1268.0,24687.0,50918.0,5291.0,80628.0,340.0,2745.0,2981.0,3955.0,232.0
6/1/22,1835.0,18822.0,34225.0,4027.0,88248.0,368.0,3712.0,3050.0,4563.0,234.0
6/2/22,3039.0,17718.0,31894.0,3769.0,76930.0,304.0,4041.0,3378.0,2560.0,175.0
6/3/22,2791.0,9692.0,26392.0,3641.0,76505.0,372.0,3962.0,0.0,2976.0,171.0
6/4/22,0.0,22809.0,0.0,3313.0,68128.0,395.0,4270.0,6996.0,3001.0,64.0
6/5/22,0.0,15522.0,0.0,2661.0,62077.0,388.0,4518.0,1881.0,3236.0,53.0
6/6/22,8508.0,8616.0,0.0,2501.0,53010.0,342.0,3714.0,1035.0,2162.0,59.0
6/7/22,2183.0,28547.0,70701.0,5638.0,82990.0,518.0,5233.0,5110.0,2224.0,139.0
6/8/22,1573.0,22925.0,48752.0,4496.0,80070.0,520.0,7240.0,5245.0,2688.0,188.0
6/9/22,3034.0,23534.0,0.0,4500.0,72846.0,556.0,7584.0,0.0,3185.0,202.0
6/10/22,5319.0,22012.0,22145.0,4493.0,68293.0,627.0,8329.0,12194.0,2836.0,153.0
6/11/22,0.0,22458.0,0.0,4539.0,79616.0,574.0,8582.0,6396.0,2501.0,56.0
6/12/22,0.0,19310.0,0.0,3682.0,50567.0,551.0,8084.0,2582.0,2474.0,160.0
6/13/22,11405.0,10668.0,0.0,0.0,45100.0,591.0,6594.0,0.0,1801.0,192.0
6/14/22,2827.0,39844.0,68615.0,8121.0,66138.0,930.0,8822.0,9894.0,1833.0,162.0
6/15/22,4340.0,32809.0,20041.0,9288.0,68931.0,1242.0,12213.0,9452.0,2263.0,179.0
6/16/22,7304.0,37068.0,0.0,7158.0,63133.0,1173.0,12847.0,9406.0,2153.0,146.0
6/17/22,7605.0,36170.0,0.0,7204.0,55222.0,1220.0,13216.0,0.0,1967.0,156.0
6/18/22,0.0,34971.0,0.0,7163.0,53666.0,1264.0,12899.0,0.0,2272.0,74.0
6/19/22,0.0,34255.0,0.0,5689.0,50623.0,1167.0,12781.0,23109.0,1892.0,160.0
6/20/22,17274.0,16905.0,56769.0,4832.0,35619.0,1180.0,9923.0,2132.0,1784.0,231.0
6/21/22,5233.0,63264.0,18035.0,12580.0,56366.0,1678.0,12249.0,13752.0,1714.0,187.0
6/22/22,7355.0,54873.0,15372.0,10528.0,52218.0,1985.0,13313.0,0.0,2387.0,265.0
6/23/22,11372.0,57432.0,13453.0,10474.0,48320.0,1907.0,17336.0,15364.0,2299.0,256.0
6/24/22,9416.0,56410.0,11558.0,11972.0,45736.0,2069.0,15940.0,16133.0,2313.0,232.0
6/25/22,0.0,56873.0,0.0,12082.0,40368.0,1831.0,11739.0,33646.0,2236.0,136.0
6/26/22,0.0,49325.0,0.0,9294.0,39642.0,1726.0,17073.0,5883.0,2378.0,297.0
6/27/22,25271.0,25019.0,17689.0,7682.0,28576.0,1445.0,11793.0,3343.0,1735.0,352.0
6/28/22,7085.0,84161.0,15637.0,20333.0,44417.0,2167.0,14506.0,20959.0,1761.0,443.0
6/29/22,14356.0,95455.0,6565.0,16115.0,42025.0,2149.0,18819.0,0.0,2569.0,441.0
6/30/22,12489.0,84234.0,10375.0,15498.0,38920.0,2248.0,17070.0,47685.0,2695.0,529.0
7/1/22,11385.0,86900.0,0.0,15869.0,35766.0,2049.0,17092.0,24087.0,2354.0,463.0
7/2/22,0.0,85943.0,0.0,15839.0,34807.0,1794.0,16103.0,0.0,2508.0,251.0
7/3/22,0.0,72917.0,0.0,11629.0,32672.0,1614.0,16135.0,30911.0,2328.0,717.0
7/4/22,28418.0,36885.0,0.0,9360.0,23115.0,1434.0,13086.0,4235.0,1995.0,1007.0
7/5/22,7409.0,133015.0,43465.0,25875.0,35984.0,2577.0,16159.0,27973.0,1917.0,1084.0
7/6/22,10024.0,110017.0,10504.0,19303.0,34561.0,2743.0,18930.0,31116.0,2428.0,1271.0
7/7/22,12936.0,108386.0,9395.0,18297.0,31433.0,2881.0,18815.0,32295.0,2366.0,1775.0
7/8/22,12089.0,101863.0,7521.0,18948.0,30446.0,2472.0,18840.0,0.0,2144.0,2013.0
7/9/22,0.0,98901.0,0.0,18214.0,28122.0,2705.0,18257.0,64764.0,2084.0,894.0
7/10/22,0.0,81563.0,0.0,13306.0,27839.0,2576.0,16678.0,9342.0,2004.0,2375.0
7/11/22,31191.0,83761.0,15415.0,0.0,19128.0,1681.0,13615.0,5986.0,3490.0,1453.0
7/12/22,6165.0,144058.0,8918.0,0.0,31273.0,3361.0,16906.0,36334.0,2391.0,3588.0
7/13/22,11625.0,111591.0,7391.0,0.0,29861.0,3822.0,20139.0,37346.0,2257.0,5000.0
7/14/22,15083.0,108632.0,0.0,0.0,27639.0,3584.0,20038.0,34885.0,1795.0,5234.0
7/15/22,12761.0,97936.0,0.0,0.0,25271.0,3331.0,20044.0,34567.0,0.0,4772.0
7/16/22,0.0,91384.0,0.0,0.0,25266.0,4329.0,20528.0,31173.0,4053.0,2704.0
7/17/22,0.0,68996.0,0.0,0.0,24322.0,3540.0,16935.0,8861.0,1814.0,5751.0
7/18/22,36824.0,32051.0,20470.0,0.0,17989.0,3393.0,15528.0,0.0,2125.0,5687.0
7/19/22,8048.0,121103.0,6974.0,367629.0,27127.0,5085.0,18616.0,39881.0,2886.0,5377.0
7/20/22,11807.0,86801.0,5852.0,0.0,27172.0,5653.0,23050.0,34661.0,0.0,7093.0
7/21/22,16416.0,81535.0,5412.0,0.0,25151.0,5410.0,22337.0,33660.0,5031.0,7915.0
7/22/22,12668.0,71667.0,4451.0,0.0,24062.0,4834.0,21411.0,32175.0,2578.0,7851.0
7/23/22,0.0,69174.0,0.0,0.0,22568.0,4943.0,20279.0,28539.0,2390.0,6921.0
7/24/22,0.0,51875.0,0.0,0.0,21726.0,4071.0,16866.0,6917.0,1740.0,8831.0
7/25/22,29389.0,24117.0,6721.0,0.0,17124.0,4048.0,14830.0,4231.0,0.0,9775.0
7/26/22,9615.0,88651.0,5607.0,0.0,25048.0,6483.0,18313.0,0.0,4575.0,11035.0
7/27/22,9472.0,64400.0,4324.0,138652.0,25661.0,6438.0,20557.0,58413.0,1902.0,10526.0
7/28/22,11810.0,60826.0,3465.0,0.0,23949.0,6353.0,20409.0,0.0,2480.0,9456.0
7/29/22,9141.0,54417.0,3491.0,0.0,23271.0,5831.0,20408.0,24893.0,1962.0,7849.0
7/30/22,0.0,50297.0,0.0,0.0,21486.0,5398.0,19673.0,0.0,1664.0,4505.0
7/31/22,0.0,37252.0,0.0,0.0,21063.0,4205.0,16464.0,0.0,2108.0,9727.0
8/1/22,0.0,19520.0,4531.0,0.0,16576.0,3696.0,13734.0,49302.0,1843.0,9699.0
8/2/22,25283.0,65099.0,4075.0,125193.0,23533.0,5827.0,17135.0,21831.0,2432.0,9350.0
8/3/22,7879.0,45956.0,3885.0,0.0,23892.0,6167.0,19893.0,20210.0,2166.0,8540.0
8/4/22,8379.0,42959.0,3182.0,0.0,22942.0,6527.0,20551.0,18556.0,2253.0,7415.0
8/5/22,6179.0,38215.0,3339.0,0.0,21841.0,5929.0,19406.0,0.0,2381.0,5455.0
8/6/22,0.0,34997.0,0.0,0.0,19850.0,5455.0,18715.0,32434.0,2250.0,3460.0
8/7/22,0.0,26656.0,0.0,0.0,22042.0,4279.0,0.0,3290.0,1842.0,5477.0
8/8/22,17119.0,11975.0,0.0,0.0,15407.0,4425.0,28941.0,2500.0,1955.0,3379.0
8/9/22,3961.0,43078.0,7771.0,103059.0,23635.0,6276.0,16047.0,15738.0,2335.0,2343.0
8/10/22,5893.0,31699.0,3205.0,0.0,23773.0,5926.0,16299.0,0.0,2316.0,5635.0
8/11/22,6762.0,28423.0,2879.0,0.0,22874.0,5532.0,16561.0,0.0,2455.0,7396.0
8/12/22,6454.0,26689.0,2954.0,0.0,21951.0,6091.0,15815.0,0.0,2140.0,6404.0
8/13/22,0.0,24785.0,0.0,0.0,21265.0,5104.0,14092.0,49960.0,1773.0,3315.0
8/14/22,0.0,19455.0,0.0,0.0,21074.0,4442.0,14917.0,1968.0,1663.0,6279.0
8/15/22,16161.0,9893.0,0.0,0.0,15782.0,3588.0,9330.0,1367.0,1508.0,7348.0
8/16/22,3042.0,8941.0,5166.0,77062.0,23132.0,5869.0,8545.0,10752.0,2461.0,5972.0
8/17/22,3896.0,36261.0,4103.0,0.0,24816.0,5253.0,12608.0,9898.0,2143.0,4824.0
8/18/22,6247.0,27291.0,3056.0,0.0,23400.0,4039.0,15754.0,0.0,2110.0,4527.0
8/19/22,7656.0,24689.0,2989.0,0.0,22795.0,5163.0,13272.0,0.0,1902.0,3690.0
8/20/22,0.0,24392.0,0.0,0.0,22130.0,4922.0,11539.0,0.0,1968.0,1835.0
8/21/22,0.0,19470.0,0.0,0.0,22380.0,3949.0,9531.0,0.0,1531.0,3245.0
8/22/22,16120.0,10417.0,0.0,0.0,16903.0,3300.0,8586.0,0.0,1488.0,4088.0
8/23/22,3164.0,35357.0,8110.0,57288.0,26343.0,4858.0,10649.0,36675.0,2062.0,3226.0
8/24/22,5208.0,25388.0,0.0,0.0,28531.0,5428.0,10725.0,7981.0,2002.0,2668.0
8/25/22,5688.0,23435.0,6238.0,0.0,27227.0,5214.0,10256.0,7281.0,1749.0,2378.0
8/26/22,5500.0,21995.0,3090.0,0.0,26718.0,4549.0,9520.0,0.0,1631.0,2019.0
8/27/22,0.0,21802.0,0.0,0.0,25853.0,4170.0,9436.0,0.0,1769.0,976.0
8/28/22,0.0,17647.0,0.0,0.0,26735.0,3228.0,7591.0,12920.0,1273.0,1693.0
8/29/22,0.0,8347.0,3988.0,0.0,20424.0,2871.0,0.0,0.0,994.0,1966.0
8/30/22,17026.0,31087.0,3928.0,50802.0,31440.0,5070.0,0.0,0.0,2240.0,1871.0
8/31/22,4350.0,21814.0,3039.0,0.0,34580.0,4563.0,20616.0,0.0,2004.0,1462.0
9/1/22,5344.0,20498.0,0.0,0.0,34077.0,4094.0,6168.0,17514.0,2046.0,1364.0
9/2/22,4655.0,19158.0,5751.0,0.0,33777.0,3616.0,7219.0,4347.0,1942.0,1067.0
9/3/22,0.0,17660.0,0.0,0.0,32758.0,3260.0,6809.0,0.0,1631.0,532.0
9/4/22,0.0,13196.0,0.0,0.0,34340.0,2764.0,5910.0,4810.0,1360.0,1163.0
9/5/22,11828.0,6608.0,3449.0,0.0,24078.0,2340.0,4417.0,0.0,1062.0,1095.0
9/6/22,2791.0,24848.0,3733.0,42155.0,36666.0,3607.0,2799.0,5039.0,1605.0,1090.0
9/7/22,4181.0,17570.0,2709.0,0.0,41249.0,3513.0,8975.0,0.0,1587.0,945.0
9/8/22,0.0,17317.0,2569.0,0.0,35053.0,3138.0,6093.0,0.0,1191.0,864.0
9/9/22,0.0,15542.0,2602.0,0.0,34200.0,2804.0,5554.0,0.0,1106.0,700.0
9/10/22,0.0,15137.0,0.0,0.0,35801.0,2609.0,5076.0,10049.0,1093.0,344.0
9/11/22,0.0,11901.0,0.0,0.0,32105.0,1939.0,5221.0,3220.0,698.0,696.0
9/12/22,22084.0,7251.0,4040.0,0.0,25555.0,1848.0,1783.0,-141.0,619.0,877.0
9/13/22,2608.0,23158.0,3720.0,33829.0,46995.0,2896.0,7694.0,588.0,1321.0,618.0
9/14/22,-12934.0,18849.0,3085.0,0.0,49660.0,2799.0,6422.0,0.0,1125.0,646.0
9/15/22,6283.0,17973.0,2203.0,0.0,45405.0,2651.0,6298.0,0.0,837.0,624.0
9/16/22,5665.0,17362.0,2777.0,0.0,41607.0,2358.0,5747.0,0.0,764.0,644.0
9/17/22,5385.0,17150.0,0.0,0.0,39572.0,2079.0,5664.0,9828.0,477.0,303.0
9/18/22,10213.0,12081.0,0.0,0.0,39511.0,1683.0,4858.0,0.0,242.0,289.0
9/19/22,3626.0,8257.0,5110.0,0.0,28422.0,1620.0,4043.0,0.0,774.0,726.0
9/20/22,6058.0,28385.0,4361.0,36404.0,44679.0,2518.0,1922.0,3439.0,1129.0,992.0
9/21/22,8510.0,21188.0,3559.0,0.0,46834.0,2384.0,8031.0,2802.0,0.0,811.0
9/22/22,7926.0,22523.0,3149.0,0.0,42421.0,2162.0,5383.0,0.0,1558.0,504.0
9/23/22,7958.0,21083.0,3102.0,0.0,39975.0,1904.0,4912.0,4147.0,607.0,421.0
9/24/22,8599.0,22360.0,0.0,0.0,38324.0,1724.0,4777.0,1595.0,655.0,397.0
9/25/22,6916.0,18794.0,0.0,0.0,38958.0,1411.0,4129.0,0.0,319.0,416.0
9/26/22,5994.0,10006.0,4805.0,0.0,28743.0,1344.0,3230.0,287.0,351.0,308.0
9/27/22,10654.0,44875.0,805.0,44977.0,45784.0,1976.0,3615.0,0.0,0.0,309.0
9/28/22,14848.0,36795.0,3277.0,0.0,48543.0,1915.0,4272.0,0.0,1448.0,262.0
9/29/22,13310.0,37521.0,5693.0,0.0,44820.0,2003.0,3947.0,5778.0,839.0,352.0
9/30/22,13015.0,34475.0,2901.0,0.0,43459.0,1857.0,3805.0,1397.0,823.0,328.0
10/1/22,12589.0,33068.0,0.0,0.0,43022.0,1639.0,3375.0,1121.0,0.0,538.0
10/2/22,10331.0,28906.0,0.0,0.0,43286.0,1322.0,3011.0,0.0,0.0,400.0
10/3/22,8487.0,13316.0,4586.0,0.0,33409.0,1134.0,1968.0,635.0,0.0,435.0
10/4/22,13853.0,60272.0,1343.0,54875.0,49525.0,2031.0,2426.0,0.0,0.0,380.0
10/5/22,18621.0,45223.0,1144.0,0.0,54874.0,1542.0,2571.0,0.0,0.0,290.0
10/6/22,14877.0,44849.0,490.0,0.0,46423.0,1831.0,1997.0,0.0,0.0,165.0
10/7/22,15934.0,44665.0,0.0,0.0,50725.0,1501.0,2797.0,4731.0,0.0,166.0
10/8/22,13664.0,43716.0,0.0,0.0,44325.0,1325.0,2756.0,0.0,0.0,335.0
10/9/22,12175.0,34443.0,0.0,0.0,44549.0,999.0,2424.0,1568.0,0.0,323.0
10/10/22,8704.0,15089.0,1105.0,0.0,32072.0,1195.0,1957.0,0.0,2915.0,724.0
10/11/22,12898.0,65917.0,3446.0,51427.0,41408.0,2077.0,-159.0,1261.0,0.0,408.0
10/12/22,18465.0,47754.0,1334.0,0.0,52358.0,2028.0,5084.0,1198.0,0.0,357.0
10/13/22,14247.0,45705.0,1243.0,0.0,53374.0,1830.0,2678.0,1163.0,0.0,285.0
10/14/22,13102.0,40576.0,1193.0,0.0,48220.0,1786.0,2430.0,0.0,0.0,155.0
10/15/22,11850.0,38968.0,0.0,0.0,43448.0,1678.0,2401.0,2061.0,2234.0,397.0
10/16/22,9224.0,30238.0,0.0,0.0,41494.0,1326.0,2060.0,0.0,0.0,327.0
10/17/22,6391.0,14030.0,0.0,0.0,28826.0,1233.0,1542.0,392.0,0.0,370.0
10/18/22,9235.0,58357.0,0.0,55487.0,44854.0,2164.0,1946.0,0.0,0.0,307.0
10/19/22,13711.0,41703.0,0.0,0.0,44596.0,2390.0,2141.0,0.0,0.0,345.0
10/20/22,9849.0,40560.0,0.0,0.0,39778.0,2307.0,2119.0,2226.0,0.0,200.0
10/21/22,8096.0,36114.0,0.0,0.0,37239.0,2227.0,2112.0,453.0,0.0,139.0
10/22/22,0.0,31775.0,0.0,0.0,35624.0,2087.0,1994.0,0.0,0.0,209.0
10/23/22,0.0,25553.0,0.0,0.0,35329.0,1685.0,1334.0,847.0,2616.0,194.0
10/24/22,14332.0,11605.0,0.0,0.0,26320.0,1703.0,862.0,0.0,0.0,535.0
10/25/22,6486.0,48713.0,7637.0,53219.0,39152.0,3008.0,830.0,1122.0,0.0,222.0
10/26/22,8218.0,35036.0,1094.0,0.0,40254.0,3048.0,1112.0,699.0,0.0,170.0
10/27/22,4440.0,31758.0,0.0,0.0,35657.0,3029.0,2208.0,0.0,0.0,110.0
10/28/22,5102.0,29037.0,0.0,0.0,34562.0,3015.0,1574.0,0.0,0.0,106.0
10/29/22,5754.0,26799.0,0.0,0.0,32477.0,3141.0,1594.0,0.0,0.0,124.0
10/30/22,4559.0,0.0,2576.0,0.0,31530.0,2717.0,1336.0,2418.0,2551.0,73.0
10/31/22,2846.0,0.0,0.0,0.0,22616.0,2457.0,1046.0,-111.0,0.0,213.0
11/1/22,4316.0,0.0,0.0,53690.0,34243.0,4707.0,1190.0,0.0,0.0,155.0
11/2/22,4492.0,0.0,0.0,0.0,33156.0,4873.0,98.0,1511.0,0.0,0.0
11/3/22,4663.0,0.0,0.0,0.0,29952.0,4951.0,2439.0,0.0,0.0,157.0
11/4/22,5566.0,110988.0,0.0,0.0,27581.0,5303.0,1082.0,1154.0,0.0,40.0
11/5/22,4307.0,0.0,0.0,0.0,25535.0,4717.0,1132.0,0.0,0.0,76.0
11/6/22,3339.0,0.0,4728.0,0.0,24345.0,3662.0,0.0,0.0,2759.0,64.0
